location,numRuns,meanVal,streamflowRechargeScalar,thisFrcAreaUnderCult,thisFrcCultAreaWthIrr,thisWplant,runoffRatio,initialSoilMoisture,effectiveIrrigationRatio,recentHistoricSlope,rescaledRecentHistoricSlope,rechScalar
,,,,,,,,,,,,
1,1,558.262081464384,0.0375137255940585,0.550065019505852,0.044646727351539,563.203897650613,0.08,120,0.85,1.63854226104119,36.7001650118642,1
1,2,345.721218992507,0.0310739608710389,0.556440182054617,0.0497583441699179,568.835936627119,0.092,117,0.84575,1.63854226104119,32.9299997493043,0.98
1,3,190.619426748707,0.0256967573273175,0.562831282509753,0.0548827400303426,574.52429599339,0.1043,114.075,0.84152125,1.63854226104119,29.8553290184729,0.9604
1,4,75.3579022276456,0.0212067923683101,0.569238360716027,0.0600199468804185,580.269538953324,0.1169075,111.223125,0.83731364375,1.63854226104119,27.299961866107,0.941192
2,1,338.750262399151,0.0506627246802701,0.162655971479501,0.014705882352941,535.332260852712,0.08,120,0.85,-12.255876060951,-833.399572144678,1
2,2,136.639594545956,0.0420533751080255,0.1680626114082,0.0197426470588234,540.685583461239,0.092,117,0.84575,-12.255876060951,-620.7818042046,0.98
2,3,22.4491927574389,0.0348645682152013,0.17348276793672,0.0247920036764704,546.092439295852,0.1043,114.075,0.84152125,-12.255876060951,-494.347944639215,0.9604
2,4,-49.5480413414842,0.0288619144596931,0.178916474856562,0.0298539836856616,551.55336368881,0.1169075,111.223125,0.83731364375,-12.255876060951,-410.527324929078,0.941192
2,5,-98.5202953138455,0.0238496985738437,0.184363766043703,0.0349286186448757,557.068897325698,0.1298301875,108.442546875,0.83312707553125,-12.255876060951,-350.883502882214,0.92236816
2,6,-133.841248651413,0.0196644983091595,0.189824675458813,0.0400159401914879,562.639586298955,0.1430759421875,105.731483203125,0.828961440153594,-12.255876060951,-306.274849530039,0.9039207968
2,7,-160.591634349015,0.0161698560881482,0.19529923714746,0.0451159800419666,568.265982161945,0.156652840742187,103.088196123047,0.824816632952826,-12.255876060951,-271.652661641189,0.885842380864
2,8,-181.734894146904,0.0132518298336037,0.200787485240328,0.0502287699920716,573.948641983564,0.170569161760742,100.510991219971,0.820692549788062,-12.255876060951,-244.001118539943,0.86812553324672
3,1,1743.24058928781,0.084705661881309,0.711118356700359,0.589175089664167,543.042677875323,0.08,120,0.85,-2.21457271552925,-3.75876841091766,1
3,2,1376.00946923218,0.070479227670893,0.71789615259211,0.595648027388327,548.473104654076,0.092,117,0.84575,-2.21457271552925,-3.71792168143198,0.98
3,3,1073.45377121732,0.0586001551051957,0.72469089297359,0.602137147456798,553.957835700617,0.1043,114.075,0.84152125,-2.21457271552925,-3.67785433083273,0.9604
3,4,823.986752542874,0.0486811295128384,0.731502620206024,0.60864249032544,559.497414057623,0.1169075,111.223125,0.83731364375,-2.21457271552925,-3.6385443848081,0.941192
3,5,618.099308176444,0.0403987431432201,0.738331376756539,0.615164096551254,565.092388198199,0.1298301875,108.442546875,0.83312707553125,-2.21457271552925,-3.59997068740623,0.92236816
3,6,447.986466771599,0.0334829505245887,0.74517720519843,0.621702006792632,570.743312080181,0.1430759421875,105.731483203125,0.828961440153594,-2.21457271552925,-3.56211286329002,0.9039207968
3,7,307.241211256368,0.0277082636880316,0.752040148211426,0.628256261809613,576.450745200983,0.156652840742187,103.088196123047,0.824816632952826,-2.21457271552925,-3.52495128206196,0.885842380864
3,8,190.603453284409,0.0228864001795064,0.758920248581955,0.634826902464137,582.215252652993,0.170569161760742,100.510991219971,0.820692549788062,-2.21457271552925,-3.48846702452777,0.86812553324672
3,9,93.7541980158485,0.0188601441498878,0.76581754920341,0.641413969720298,588.037405179523,0.184833390804761,97.9982164394714,0.816589087039121,-2.21457271552925,-3.45264185077691,0.850763022581785
3,10,13.1467412030253,0.0154982203651563,0.772732093076418,0.648017504644598,593.917779231318,0.19945422557488,95.5482610284846,0.812506141603926,-2.21457271552925,-3.41745816996691,0.83374776213015
3,11,-54.1317822270507,0.0126910140049055,0.779663923309109,0.65463754840621,599.856957023632,0.214440581214252,93.1595545027725,0.808443610895906,-2.21457271552925,-3.38289901170637,0.817072806887547
4,1,-118.035424534104,0.0472481627744181,0.729106628242075,0.729106628242075,532.723719596065,0.08,120,0.85,3.84633108888682,5.27540271874991,1
5,1,-56.4005270394141,0.0497933144123318,0.443718592964824,0.443718592964824,521.947959038527,0.08,120,0.85,3.0231731695527,6.81326682605875,1
6,1,193.00731260659,0.091622350108883,0.458481192334989,0.415188076650106,594.813439716079,0.08,120,0.85,-1.58997337966945,-3.82952562727224,1
6,2,97.4356537841898,0.0762546623409173,0.464627395315826,0.421226046841731,600.76157411324,0.092,117,0.84575,-1.58997337966945,-3.77463215200188,0.98
6,3,18.1774175698932,0.0634226430546659,0.470788963804116,0.427279111958836,606.769189854372,0.1043,114.075,0.84152125,-1.58997337966945,-3.7211586880068,0.9604
6,4,-47.7575497794348,0.0527079069506461,0.476965936213626,0.433347309738733,612.836881752916,0.1169075,111.223125,0.83731364375,-1.58997337966945,-3.66905099890444,0.941192
7,1,-42.3982596871876,0.0751585539616815,0.862244897959183,0.821428571428571,546.942256695337,0.08,120,0.85,-2.50813495498953,-3.05338168433508,1
8,1,119829.443459129,0.0306925272925126,0.655407833273446,0.001,589.76089134714,0.08,120,0.85,-0.0718906947428331,-5.75125557942665,1
8,2,16267.7745192236,0.025378260289248,0.66204635285663,0.0060025,595.658500260612,0.092,117,0.84575,-0.0718906947428331,-5.75125557942665,0.98
8,3,7169.7274708732,0.0209408473415221,0.668701468738771,0.01101750625,601.615085263218,0.1043,114.075,0.84152125,-0.0718906947428331,-5.75125557942665,0.9604
8,4,3942.26592451891,0.0172356075301709,0.675373222410618,0.016045050015625,607.63123611585,0.1169075,111.223125,0.83731364375,-0.0718906947428331,-4.48055286040395,0.941192
8,5,2367.694569354,0.0141417322876927,0.682061655466645,0.0210851626406641,613.707548477009,0.1298301875,108.442546875,0.83312707553125,-0.0718906947428331,-3.40953949314991,0.92236816
8,6,1475.94887203528,0.0115583464602234,0.688766809605311,0.0261378755472657,619.844623961779,0.1430759421875,105.731483203125,0.828961440153594,-0.0718906947428331,-2.75044138965432,0.9039207968
8,7,925.140401166891,0.00940121929428657,0.695488726629324,0.0312032202361339,626.043070201396,0.156652840742187,103.088196123047,0.824816632952826,-0.0718906947428331,-2.30395113705548,0.885842380864
8,8,564.991101191728,0.00760001811072928,0.702227448445898,0.0362812282867242,632.30350090341,0.170569161760742,100.510991219971,0.820692549788062,-0.0718906947428331,-1.98148458962562,0.86812553324672
8,9,319.749587093581,0.00609601512245895,0.708983017067012,0.041371931357441,638.626535912444,0.184833390804761,97.9982164394714,0.816589087039121,-0.0718906947428331,-1.7376683269079,0.850763022581785
8,10,147.502785837477,0.00484017262725322,0.71575547460968,0.0464753611858346,645.012801271569,0.19945422557488,95.5482610284846,0.812506141603926,-0.0718906947428331,-1.54685607402541,0.83374776213015
8,11,23.4499285985793,0.00379154414375644,0.722544863296204,0.0515915495887992,651.462929284285,0.214440581214252,93.1595545027725,0.808443610895906,-0.0718906947428331,-1.39345872174464,0.817072806887547
9,1,99270.2022715655,0.0331030010508629,0.701338045947993,0.001,591.949154679638,0.08,120,0.85,1.00081992598071,80.0655940784568,1
9,2,13450.5149107251,0.0273910058774706,0.708091391062863,0.0060025,597.868646226434,0.092,117,0.84575,1.00081992598071,80.0655940784568,0.98
9,3,5909.15590497526,0.0226214899076879,0.71486161954052,0.01101750625,603.847332688699,0.1043,114.075,0.84152125,1.00081992598071,80.0655940784568,0.9604
9,4,3232.61618334936,0.0186389440729194,0.721648773589371,0.016045050015625,609.885806015586,0.1169075,111.223125,0.83731364375,1.00081992598071,62.3756189607444,0.941192
9,5,1925.84608260013,0.0153135183008877,0.728452895523345,0.0210851626406641,615.984664075742,0.1298301875,108.442546875,0.83312707553125,1.00081992598071,47.4656014296312,0.92236816
9,6,1184.97913500526,0.0125367877812412,0.735274027762153,0.0261378755472657,622.144510716499,0.1430759421875,105.731483203125,0.828961440153594,1.00081992598071,38.2900256821142,0.9039207968
9,7,726.694880662015,0.0102182177973364,0.742112212831558,0.0312032202361339,628.365955823664,0.156652840742187,103.088196123047,0.824816632952826,1.00081992598071,32.074251260187,0.885842380864
9,8,426.454140256979,0.00828221186077592,0.748967493363637,0.0362812282867242,634.649615381901,0.170569161760742,100.510991219971,0.820692549788062,1.00081992598071,27.5850618416611,0.86812553324672
9,9,221.476244684567,0.00666564690374789,0.755839912097046,0.041371931357441,640.99611153572,0.184833390804761,97.9982164394714,0.816589087039121,1.00081992598071,24.1907953809052,0.850763022581785
9,10,77.0220505643447,0.00531581516462949,0.762729511877289,0.0464753611858346,647.406072651077,0.19945422557488,95.5482610284846,0.812506141603926,1.00081992598071,21.534419538535,0.83374776213015
10,1,678.681698280714,0.0112850033603523,0.561305207646671,0.064271588661833,601.132647783066,0.08,120,0.85,3.44853991563425,53.6557441232525,1
10,2,502.989773963555,0.00917297780589418,0.567708470665788,0.0694322676334876,607.143974260897,0.092,117,0.84575,3.44853991563425,49.6676838186832,0.98
10,3,368.677075682752,0.00740943646792164,0.574127741842452,0.0746058483025713,613.215414003506,0.1043,114.075,0.84152125,3.44853991563425,46.2234529074498,0.9604
10,4,264.798041579968,0.00593687945071457,0.580563061197058,0.0797923629233277,619.347568143541,0.1169075,111.223125,0.83731364375,3.44853991563425,43.2189220783942,0.941192
10,5,183.512165590411,0.00470729434134667,0.587014468850051,0.084991843830636,625.541043824976,0.1298301875,108.442546875,0.83312707553125,3.44853991563425,40.574951197743,0.92236816
10,6,119.128288424884,0.00368059077502447,0.593482005022176,0.0902043234402126,631.796454263226,0.1430759421875,105.731483203125,0.828961440153594,3.44853991563425,38.2303173962603,0.9039207968
10,7,67.468458153629,0.00282329329714543,0.599965710034731,0.0954298342488132,638.114418805858,0.156652840742187,103.088196123047,0.824816632952826,3.44853991563425,36.1369161204127,0.885842380864
11,1,97.5953666545429,0.00930467378019029,0.643363249881908,0.230514879546528,596.238011652799,0.08,120,0.85,12.1610155802522,52.7558811135121,1
11,2,78.4507206644165,0.00751940260645889,0.649971658006613,0.236091166745394,602.200391769327,0.092,117,0.84575,12.1610155802522,51.5098288000199,0.98
11,3,61.1113865372074,0.00602870117639317,0.656596587151629,0.241681394662258,608.22239568702,0.1043,114.075,0.84152125,12.1610155802522,50.3183772058534,0.9604
12,1,209.710008913459,0,0.447015834348356,0.007917174177832,571.991052777295,0.08,120,0.85,10.0292110475997,802.336883807976,1
12,2,260.030812397891,5e-05,0.443398294762485,0.00539738124238742,566.271142249522,0.0792,123,0.852125,10.0292110475997,802.336883807976,1.02
12,3,390.045772375829,0.00010025,0.439789799025579,0.00288388778928145,560.608430827027,0.078408,126.075,0.8542553125,10.0292110475997,802.336883807976,1.0404
12,4,964.794755817667,0.00015075125,0.436190324528015,0.001,555.002346518756,0.07762392,129.226875,0.85639095078125,10.0292110475997,802.336883807976,1.061208
12,5,1221.41433677282,0.00020150500625,0.432599848716695,0.001,549.452323053569,0.0768476808,132.457546875,0.858531928158203,10.0292110475997,802.336883807976,1.08243216
12,6,1480.5322983878,0.00025251253128125,0.429018349094903,0.001,543.957799823033,0.076079203992,135.768985546875,0.860678257978598,10.0292110475997,802.336883807976,1.1040808032
12,7,1742.1705478819,0.000303775093937656,0.425445803222166,0.001,538.518221824803,0.07531841195208,139.163210185547,0.862829953623545,10.0292110475997,802.336883807976,1.126162419264
12,8,2006.35118140115,0.000355293969407344,0.421882188714111,0.001,533.133039606555,0.0745652278325592,142.642290440185,0.864987028507604,10.0292110475997,802.336883807976,1.14868566764928
12,9,2273.09648645099,0.000407070439254381,0.418327483242325,0.001,527.801709210489,0.0738195755542336,146.20834770119,0.867149496078872,10.0292110475997,802.336883807976,1.17165938100227
12,10,2542.42894438049,0.000459105791450653,0.41478166453422,0.001,522.523692118384,0.0730813797986913,149.86355639372,0.86931736981907,10.0292110475997,802.336883807976,1.19509256862231
12,11,2814.37123292008,0.000511401320407906,0.411244710372884,0.001,517.298455197201,0.0723505660007044,153.610145303563,0.871490663243617,10.0292110475997,802.336883807976,1.21899441999476
12,12,3088.94622877451,0.000563958327009946,0.407716598596952,0.001,512.125470645229,0.0716270603406973,157.450398936152,0.873669389901726,10.0292110475997,802.336883807976,1.24337430839465
12,13,3366.17701027327,0.000616778118644995,0.40419730710046,0.001,507.004215938776,0.0709107897372903,161.386658909556,0.875853563376481,10.0292110475997,802.336883807976,1.26824179456255
12,14,3646.08686008042,0.00066986200923822,0.400686813832708,0.001,501.934173779388,0.0702016818399174,165.421325382295,0.878043197284922,10.0292110475997,802.336883807976,1.2936066304538
12,15,3928.69926796621,0.000723211319284411,0.397185096798127,0.001,496.914832041595,0.0694996650215183,169.556858516852,0.880238305278134,10.0292110475997,802.336883807976,1.31947876306287
12,16,4214.03793364267,0.000776827375880833,0.393692134056131,0.001,491.945683721179,0.0688046683713031,173.795779979773,0.882438901041329,10.0292110475997,802.336883807976,1.34586833832413
12,17,4502.12676966583,0.000830711512760237,0.390207903720991,0.001,487.026226883967,0.0681166216875901,178.140674479267,0.884644998293932,10.0292110475997,802.336883807976,1.37278570509061
12,18,4792.98990440698,0.000884865070324039,0.386732383961689,0.001,482.155964615127,0.0674354554707142,182.594191341249,0.886856610789667,10.0292110475997,802.336883807976,1.40024141919242
12,19,5086.65168509574,0.000939289395675659,0.383265553001784,0.001,477.334404968976,0.066761100916007,187.15904612478,0.889073752316642,10.0292110475997,802.336883807976,1.42824624757627
12,20,5383.13668093786,0.000993985842654037,0.37980738911928,0.001,472.561060919286,0.0660934899068469,191.8380222779,0.891296436697433,10.0292110475997,802.336883807976,1.4568111725278
13,1,290.909412741143,0,0.356350184956843,0.001,576.334487669971,0.08,120,0.85,8.66776651222559,693.421320978047,1
13,2,574.550027746009,5e-05,0.352959309494451,0.001,570.571142793271,0.0792,123,0.852125,8.66776651222559,693.421320978047,1.02
13,3,860.970396093726,0.00010025,0.349576911220715,0.001,564.865431365339,0.078408,126.075,0.8542553125,8.66776651222559,693.421320978047,1.0404
13,4,1150.1949707064,0.00015075125,0.346202968942663,0.001,559.216777051685,0.07762392,129.226875,0.85639095078125,8.66776651222559,693.421320978047,1.061208
13,5,1442.24842516107,0.00020150500625,0.342837461520306,0.001,553.624609281168,0.0768476808,132.457546875,0.858531928158203,8.66776651222559,693.421320978047,1.08243216
13,6,1737.15565713326,0.00025251253128125,0.339480367866506,0.001,548.088363188357,0.076079203992,135.768985546875,0.860678257978598,8.66776651222559,693.421320978047,1.1040808032
13,7,2034.94179194832,0.000303775093937656,0.336131666946839,0.001,542.607479556473,0.07531841195208,139.163210185547,0.862829953623545,8.66776651222559,693.421320978047,1.126162419264
13,8,2335.63218624634,0.000355293969407344,0.332791337779472,0.001,537.181404760908,0.0745652278325592,142.642290440185,0.864987028507604,8.66776651222559,693.421320978047,1.14868566764928
13,9,2639.25243176651,0.000407070439254381,0.329459359435024,0.001,531.809590713299,0.0738195755542336,146.20834770119,0.867149496078872,8.66776651222559,693.421320978047,1.17165938100227
13,10,2945.82835925739,0.000459105791450653,0.326135711036436,0.001,526.491494806166,0.0730813797986913,149.86355639372,0.86931736981907,8.66776651222559,693.421320978047,1.19509256862231
13,11,3255.38604251994,0.000511401320407906,0.322820371758845,0.001,521.226579858105,0.0723505660007044,153.610145303563,0.871490663243617,8.66776651222559,693.421320978047,1.21899441999476
13,12,3567.95180259055,0.000563958327009946,0.319513320829448,0.001,516.014314059524,0.0716270603406973,157.450398936152,0.873669389901726,8.66776651222559,693.421320978047,1.24337430839465
13,13,3883.552212072,0.000616778118644995,0.316214537527374,0.001,510.854170918928,0.0709107897372903,161.386658909556,0.875853563376481,8.66776651222559,693.421320978047,1.26824179456255
13,14,4202.21409962062,0.00066986200923822,0.312924001183556,0.001,505.745629209739,0.0702016818399174,165.421325382295,0.878043197284922,8.66776651222559,693.421320978047,1.2936066304538
13,15,4523.96455459861,0.000723211319284411,0.309641691180597,0.001,500.688172917642,0.0694996650215183,169.556858516852,0.880238305278134,8.66776651222559,693.421320978047,1.31947876306287
13,16,4848.83093190119,0.000776827375880833,0.306367586952646,0.001,495.681291188465,0.0688046683713031,173.795779979773,0.882438901041329,8.66776651222559,693.421320978047,1.34586833832413
13,17,5176.84085696882,0.000830711512760237,0.303101667985264,0.001,490.724478276581,0.0681166216875901,178.140674479267,0.884644998293932,8.66776651222559,693.421320978047,1.37278570509061
13,18,5508.02223099556,0.000884865070324039,0.299843913815301,0.001,485.817233493815,0.0674354554707142,182.594191341249,0.886856610789667,8.66776651222559,693.421320978047,1.40024141919242
13,19,5842.40323634539,0.000939289395675659,0.296594304030763,0.001,480.959061158877,0.066761100916007,187.15904612478,0.889073752316642,8.66776651222559,693.421320978047,1.42824624757627
13,20,6180.01234218937,0.000993985842654037,0.293352818270686,0.001,476.149470547288,0.0660934899068469,191.8380222779,0.891296436697433,8.66776651222559,693.421320978047,1.4568111725278
14,1,593.944318180122,0.0220083803567719,0.531055900621118,0.08592132505176,589.959681256686,0.08,120,0.85,1.17381318523804,13.6614883968668,1
14,2,463.616511704707,0.0181269975979045,0.537383540372671,0.0911361283643894,595.859278069253,0.092,117,0.84575,1.17381318523804,12.8797789230719,0.98
14,3,361.006589285907,0.0148860429942503,0.543726999223603,0.0963639686853004,601.817870849946,0.1043,114.075,0.84152125,1.17381318523804,12.1810382163836,0.9604
14,4,279.497988504555,0.012179845900199,0.550086316721662,0.101604878607014,607.836049558445,0.1169075,111.223125,0.83731364375,1.17381318523804,11.5527246460094,0.941192
14,5,214.132564992115,0.00992017132666615,0.556461532513466,0.106858890803531,613.914410054029,0.1298301875,108.442546875,0.83312707553125,1.17381318523804,10.9847030641203,0.92236816
14,6,161.167739760786,0.00803334305776623,0.562852686344749,0.11212603803054,620.05355415457,0.1430759421875,105.731483203125,0.828961440153594,1.17381318523804,10.4686940326771,0.9039207968
14,7,117.760248661276,0.0064578414532348,0.569259818060611,0.117406353125616,626.254089696116,0.156652840742187,103.088196123047,0.824816632952826,1.17381318523804,9.99786769615563,0.885842380864
14,8,81.7376509775921,0.00514229761345106,0.575682967605763,0.12269986900843,632.516630593077,0.170569161760742,100.510991219971,0.820692549788062,1.17381318523804,9.56653984004979,0.86812553324672
14,9,51.4315351219706,0.00404381850723164,0.582122175024777,0.128006618680951,638.841796899007,0.184833390804761,97.9982164394714,0.816589087039121,1.17381318523804,9.16994134626504,0.850763022581785
14,10,25.554644989515,0.00312658845353842,0.588577480462339,0.133326635227654,645.230214867998,0.19945422557488,95.5482610284846,0.812506141603926,1.17381318523804,8.80404116727139,0.83374776213015
15,1,8537.2183772934,0.0276641339565382,0.950612072604474,0.001,546.302222242117,0.08,120,0.85,-1.67676076649025,-134.14086131922,1
15,2,1270.11445678384,0.0228495518537094,0.957988602785985,0.0060025,551.765244464538,0.092,117,0.84575,-1.67676076649025,-134.14086131922,0.98
15,3,623.474573532313,0.0188293757978474,0.96538357429295,0.01101750625,557.282896909184,0.1043,114.075,0.84152125,-1.67676076649025,-134.14086131922,0.9604
15,4,388.113723481098,0.0154725287912025,0.972797033228682,0.016045050015625,562.855725878275,0.1169075,111.223125,0.83731364375,-1.67676076649025,-104.503305683521,0.941192
15,5,268.425828906695,0.0126695615406541,0.980229025811754,0.0210851626406641,568.484283137058,0.1298301875,108.442546875,0.83312707553125,-1.67676076649025,-79.5232550521812,0.92236816
15,6,196.419828975792,0.0103290838864462,0.987679598376283,0.0261378755472657,574.169125968429,0.1430759421875,105.731483203125,0.828961440153594,-1.67676076649025,-64.1506140565298,0.9039207968
15,7,148.13108714821,0.00837478504518257,0.995148797372224,0.0312032202361339,579.910817228113,0.156652840742187,103.088196123047,0.824816632952826,-1.67676076649025,-53.7367859407194,0.885842380864
15,8,112.862325329502,0.00674294551272744,1,0.0362812282867242,585.709925400394,0.170569161760742,100.510991219971,0.820692549788062,-1.67676076649025,-46.215656020218,0.86812553324672
15,9,85.1656667422038,0.00538035950312742,1,0.041371931357441,591.567024654398,0.184833390804761,97.9982164394714,0.816589087039121,-1.67676076649025,-40.5289458692064,0.850763022581785
15,10,62.3982932699652,0.00424260018511139,1,0.0464753611858346,597.482694900942,0.19945422557488,95.5482610284846,0.812506141603926,-1.67676076649025,-36.078488121601,0.83374776213015
16,1,351.68707371002,0.00809256323156371,0.836048879837067,0.686354378818737,852.84375,0.08,120,0.85,-17.0608048148808,-24.8571369854792,1
16,2,336.178437444469,0.0065072902983557,0.84313900203666,0.693070264765784,861.3721875,0.092,117,0.84575,-17.0608048148808,-24.6162700698844,0.98
16,3,320.470808868673,0.00518358739912701,0.850246849541751,0.699802940427698,869.985909375,0.1043,114.075,0.84152125,-17.0608048148808,-24.3794414531236,0.9604
16,4,304.517410842957,0.00407829547827105,0.857372466665606,0.706552447778767,878.68576846875,0.1169075,111.223125,0.83731364375,-17.0608048148808,-24.146551142121,0.941192
16,5,288.278417623358,0.00315537672435633,0.864515897832269,0.713318828898214,887.472626153438,0.1298301875,108.442546875,0.83312707553125,-17.0608048148808,-23.9175024178638,0.92236816
16,6,271.719675504611,0.00238473956483753,0.87167718757685,0.72010212597046,896.347352414972,0.1430759421875,105.731483203125,0.828961440153594,-17.0608048148808,-23.6922017024856,0.9039207968
16,7,254.811651275958,0.00174125753663934,0.878856380545792,0.726902381285386,905.310825939122,0.156652840742187,103.088196123047,0.824816632952826,-17.0608048148808,-23.4705584327734,0.885842380864
16,8,237.528567652926,0.00120395004309385,0.886053521497157,0.733719637238599,914.363934198513,0.170569161760742,100.510991219971,0.820692549788062,-17.0608048148808,-23.2524849397383,0.86812553324672
16,9,219.847692181288,0.000755298285983364,0.8932686553009,0.740553936331696,923.507573540498,0.184833390804761,97.9982164394714,0.816589087039121,-17.0608048148808,-23.037896333913,0.850763022581785
16,10,201.748752122224,0.000380674068796109,0.900501826939152,0.747405321172525,932.742649275903,0.19945422557488,95.5482610284846,0.812506141603926,-17.0608048148808,-22.8267103960618,0.83374776213015
16,11,183.213452758553,6.78628474447507e-05,0.9077530815065,0.754273834475456,942.070075768662,0.214440581214252,93.1595545027725,0.808443610895906,-17.0608048148808,-22.6188474730074,0.817072806887547
16,12,164.348274859817,0,0.915022464210266,0.761159519061645,951.490776526349,0.229801595744608,90.8305656402032,0.804401392841427,-17.0608048148808,-22.4142303782961,0.800731350749796
16,13,145.026690179465,0,0.922310020370791,0.768062417859299,961.005684291612,0.245546635638223,88.5598014991981,0.800379385877219,-17.0608048148808,-22.2127842974426,0.7847167237348
16,14,125.196026641088,0,0.929615795421718,0.774982573903947,970.615741134528,0.261685301529179,86.3458064617181,0.796377488947833,-17.0608048148808,-22.0144366975087,0.769022389260104
16,15,104.847225335377,0,0.936939834910272,0.781920030338707,980.321898545874,0.278227434067408,84.1871613001752,0.792395601503094,-17.0608048148808,-21.819117240788,0.753641941474902
16,16,83.9709780745834,0,0.944282184497548,0.788874830414554,990.125117531332,0.295183119919093,82.0824822676708,0.788433623495579,-17.0608048148808,-21.6267577023789,0.738569102645404
16,17,62.557721588936,0,0.951642889958792,0.79584701749059,1000.02636870665,0.312562697917071,80.0304202109791,0.784491455378101,-17.0608048148808,-21.4372918914439,0.723797720592496
16,18,40.597631587285,0,0.959021997183689,0.802836635034317,1010.02663239371,0.330376765364997,78.0296597057046,0.78056899810121,-17.0608048148808,-21.2506555759648,0.709321766180646
16,19,18.0806166778095,0,0.966419552176648,0.809843726621902,1020.12689871765,0.348636184499122,76.0789182130619,0.776666153110704,-17.0608048148808,-21.0667864108134,0.695135330857033
16,20,-5.00368785542552,0,0.973835601057089,0.816868335938457,1030.32816770483,0.3673520891116,74.1769452577354,0.772782822345151,-17.0608048148808,-20.8856238689685,0.681232624239892
17,1,884.583399193289,0,0.57271815446339,0.174523570712136,805.953259402154,0.08,120,0.85,3.15648236841194,18.0862811569351,1
17,2,865.559130708991,0,0.579149949849549,0.179959879638916,814.012791996176,0.092,117,0.84575,3.15648236841194,17.5399226468995,0.98
17,3,846.075702007801,0,0.585597824724172,0.185409779338014,822.152919916137,0.1043,114.075,0.84152125,3.15648236841194,17.0243575052073,0.9604
17,4,826.121642612079,0,0.592061819285983,0.190873303786359,830.374449115299,0.1169075,111.223125,0.83731364375,3.15648236841194,16.5370552392436,0.941192
17,5,805.685306287389,0,0.598541973834198,0.196350487045825,838.678193606452,0.1298301875,108.442546875,0.83312707553125,3.15648236841194,16.0757552268015,0.92236816
17,6,784.754860789878,0,0.605038328768783,0.201841363263439,847.064975542516,0.1430759421875,105.731483203125,0.828961440153594,3.15648236841194,15.6384316741468,0.9039207968
17,7,763.318277696859,0,0.611550924590705,0.207345966671598,855.535625297941,0.156652840742187,103.088196123047,0.824816632952826,3.15648236841194,15.2232638959951,0.885842380864
17,8,741.363322301498,0,0.618079801902182,0.212864331588277,864.090981550921,0.170569161760742,100.510991219971,0.820692549788062,3.15648236841194,14.8286109977186,0.86812553324672
17,9,718.877543553553,0,0.624625001406937,0.218396492417247,872.73189136643,0.184833390804761,97.9982164394714,0.816589087039121,3.15648236841194,14.4529902173588,0.850763022581785
17,10,695.848264029012,0,0.631186563910455,0.22394248364829,881.459210280094,0.19945422557488,95.5482610284846,0.812506141603926,3.15648236841194,14.0950583247496,0.83374776213015
17,11,672.262569912324,0,0.637764530320231,0.229502339857411,890.273802382895,0.214440581214252,93.1595545027725,0.808443610895906,3.15648236841194,13.7535955858796,0.817072806887547
17,12,648.107300975684,0,0.644358941646031,0.235076095707055,899.176540406724,0.229801595744608,90.8305656402032,0.804401392841427,3.15648236841194,13.4274918890327,0.800731350749796
17,13,623.369040540527,0,0.650969839000146,0.240663785946322,908.168305810791,0.245546635638223,88.5598014991981,0.800379385877219,3.15648236841194,13.1157347001761,0.7847167237348
17,14,598.034105406979,0,0.657597263597647,0.246265445411188,917.249988868899,0.261685301529179,86.3458064617181,0.796377488947833,3.15648236841194,12.8173985722665,0.769022389260104
17,15,572.088535737636,0,0.664241256756641,0.251881109024716,926.422488757589,0.278227434067408,84.1871613001752,0.792395601503094,3.15648236841194,12.5316359795057,0.753641941474902
17,16,545.518084882484,0,0.670901859898532,0.257510811797278,935.686713645164,0.295183119919093,82.0824822676708,0.788433623495579,3.15648236841194,12.2576692853457,0.738569102645404
17,17,518.308209132305,0,0.677579114548279,0.263154588826771,945.043580781616,0.312562697917071,80.0304202109791,0.784491455378101,3.15648236841194,11.9947836839349,0.723797720592496
17,18,490.444057388255,0,0.684273062334649,0.268812475298838,954.494016589432,0.330376765364997,78.0296597057046,0.78056899810121,3.15648236841194,11.7423209800917,0.709321766180646
17,19,461.910460735733,0,0.690983744990486,0.274484506487085,964.038956755327,0.348636184499122,76.0789182130619,0.776666153110704,3.15648236841194,11.4996740938471,0.695135330857033
17,20,432.691921910943,0,0.697711204352962,0.280170717753303,973.67934632288,0.3673520891116,74.1769452577354,0.772782822345151,3.15648236841194,11.2662821929567,0.681232624239892
18,1,540.763795915869,0.000729957874485487,0.806500761808025,0.618080243778568,575.213716599967,0.08,120,0.85,-15.6950229578884,-25.3931801183913,1
18,2,528.009040630049,0.000359514825195382,0.813517013712545,0.624625444388014,580.965853765967,0.092,117,0.84575,-15.6950229578884,-25.1270951238079,0.98
18,3,515.193417746612,5.01948790381439e-05,0.820550806246826,0.631187007998984,586.775512303626,0.1043,114.075,0.84152125,-15.6950229578884,-24.8658840549419,0.9604
18,4,502.899515641081,0,0.827602183262443,0.637764975518982,592.643267426663,0.1169075,111.223125,0.83731364375,-15.6950229578884,-24.609415004511,0.941192
18,5,490.462623822529,0,0.834671188720599,0.644359387957779,598.569700100929,0.1298301875,108.442546875,0.83312707553125,-15.6950229578884,-24.3575607823949,0.92236816
18,6,477.72228012695,0,0.841757866692401,0.650970286427674,604.555397101939,0.1430759421875,105.731483203125,0.828961440153594,-15.6950229578884,-24.1101987066382,0.9039207968
18,7,464.671941054377,0,0.848862261359132,0.657597712143743,610.600951072958,0.156652840742187,103.088196123047,0.824816632952826,-15.6950229578884,-23.867210405467,0.885842380864
18,8,451.304919827178,0,0.85598441701253,0.664241706424102,616.706960583688,0.170569161760742,100.510991219971,0.820692549788062,-15.6950229578884,-23.6284816296487,0.86812553324672
18,9,437.614381954962,0,0.863124378055061,0.670902310690162,622.874030189524,0.184833390804761,97.9982164394714,0.816589087039121,-15.6950229578884,-23.39390207457,0.850763022581785
18,10,423.593340731671,0,0.870282189000198,0.677579566466888,629.10277049142,0.19945422557488,95.5482610284846,0.812506141603926,-15.6950229578884,-23.1633652114499,0.83374776213015
18,11,409.234652661261,0,0.877457894472699,0.684273515383055,635.393798196334,0.214440581214252,93.1595545027725,0.808443610895906,-15.6950229578884,-22.9367681271463,0.817072806887547
18,12,394.531012808364,0,0.88465153920888,0.690984199171512,641.747736178297,0.229801595744608,90.8305656402032,0.804401392841427,-15.6950229578884,-22.7140113720497,0.800731350749796
18,13,379.474950070314,0,0.891863168056903,0.697711659669441,648.16521354008,0.245546635638223,88.5598014991981,0.800379385877219,-15.6950229578884,-22.4949988155914,0.7847167237348
18,14,364.058822366939,0,0.899092825977045,0.704455938818615,654.646865675481,0.261685301529179,86.3458064617181,0.796377488947833,-15.6950229578884,-22.2796375089253,0.769022389260104
18,15,348.274811744486,0,0.906340558041987,0.711217078665661,661.193334332236,0.278227434067408,84.1871613001752,0.792395601503094,-15.6950229578884,-22.0678375543714,0.753641941474902
18,16,332.114919390048,0,0.913606409437092,0.717995121362325,667.805267675558,0.295183119919093,82.0824822676708,0.788433623495579,-15.6950229578884,-21.8595119812355,0.738569102645404
18,17,315.570960552824,0,0.920890425460685,0.724790109165731,674.483320352314,0.312562697917071,80.0304202109791,0.784491455378101,-15.6950229578884,-21.6545766276448,0.723797720592496
18,18,298.63455936855,0,0.928192651524337,0.731602084438646,681.228153555837,0.330376765364997,78.0296597057046,0.78056899810121,-15.6950229578884,-21.4529500280622,0.709321766180646
18,19,281.297143583371,0,0.935513133153147,0.738431089649742,688.040435091395,0.348636184499122,76.0789182130619,0.776666153110704,-15.6950229578884,-21.2545533061629,0.695135330857033
18,20,263.549939173424,0,0.94285191598603,0.745277167373866,694.920839442309,0.3673520891116,74.1769452577354,0.772782822345151,-15.6950229578884,-21.0593100727787,0.681232624239892
19,1,-61.7917729315056,0.0622239811172159,0.254220935841775,0.05306319343946,544.113192921239,0.08,120,0.85,-1.13976397434781,-21.4793701711182,1
20,1,2081.12731272302,0.0471016620074096,0.667605633802816,0.007746478873239,618.069178841038,0.08,120,0.85,1.93575925003965,154.860740003172,1
20,2,980.031094473981,0.039079887776187,0.674274647887323,0.0127658450704221,624.249870629449,0.092,117,0.84575,1.93575925003965,151.63580940871,0.98
20,3,522.159704433311,0.0323817062931162,0.680960334507041,0.0177977596830982,630.492369335743,0.1043,114.075,0.84152125,1.93575925003965,108.76420878286,0.9604
20,4,279.348448477909,0.026788724754752,0.687662735343309,0.0228422540823059,636.7972930291,0.1169075,111.223125,0.83731364375,1.93575925003965,84.7446685018328,0.941192
21,1,166.033047416691,0,0.797426317974263,0.736405147364051,581.96212067827,0.08,120,0.85,-5.79217410371257,-7.86547204951724,1
21,2,157.06544305407,0,0.804419883769199,0.743246160232461,587.781741885053,0.092,117,0.84575,-5.79217410371257,-7.79307639060117,0.98
21,3,147.951681468645,0,0.811430933478622,0.750104275633042,593.659559303903,0.1043,114.075,0.84152125,-5.79217410371257,-7.72182520733445,0.9604
21,4,138.687569311126,0,0.818459510812318,0.756979536322125,599.596154896942,0.1169075,111.223125,0.83731364375,-5.79217410371257,-7.65169179057936,0.941192
21,5,129.268859604685,0,0.825505659589349,0.76387198516293,605.592116445912,0.1298301875,108.442546875,0.83312707553125,-5.79217410371257,-7.58265025582412,0.92236816
21,6,119.691248925536,0,0.832569423738322,0.770781665125838,611.648037610371,0.1430759421875,105.731483203125,0.828961440153594,-5.79217410371257,-7.51467551160152,0.9039207968
21,7,109.950374566599,0,0.839650847297668,0.777708619288652,617.764517986475,0.156652840742187,103.088196123047,0.824816632952826,-5.79217410371257,-7.44774322934791,0.885842380864
21,8,100.041811681843,0,0.846749974415912,0.784652890836874,623.942163166339,0.170569161760742,100.510991219971,0.820692549788062,-5.79217410371257,-7.38182981462658,0.86812553324672
21,9,89.9610704089386,0,0.853866849351952,0.791614523063966,630.181584798003,0.184833390804761,97.9982164394714,0.816589087039121,-5.79217410371257,-7.31691237964382,0.850763022581785
21,10,79.7035929678617,0,0.861001516475332,0.798593559371626,636.483400645983,0.19945422557488,95.5482610284846,0.812506141603926,-5.79217410371257,-7.25296871699059,0.83374776213015
21,11,69.2647507331058,0,0.86815402026652,0.805590043270055,642.848234652443,0.214440581214252,93.1595545027725,0.808443610895906,-5.79217410371257,-7.18997727454643,0.817072806887547
21,12,58.6398412772002,0,0.875324405317186,0.81260401837823,649.276716998967,0.229801595744608,90.8305656402032,0.804401392841427,-5.79217410371257,-7.12791713148603,0.800731350749796
21,13,47.8240853832126,0,0.882512716330479,0.819635528424175,655.769484168957,0.245546635638223,88.5598014991981,0.800379385877219,-5.79217410371257,-7.06676797533235,0.7847167237348
21,14,36.8126240239458,0,0.889718998121305,0.826684617245236,662.327179010646,0.261685301529179,86.3458064617181,0.796377488947833,-5.79217410371257,-7.00651008000349,0.769022389260104
21,15,25.6005153055333,0,0.896943295616608,0.833751328788349,668.950450800753,0.278227434067408,84.1871613001752,0.792395601503094,-5.79217410371257,-6.94712428480332,0.753641941474902
21,16,14.1827313731449,0,0.90418565385565,0.840835707110319,675.63995530876,0.295183119919093,82.0824822676708,0.788433623495579,-5.79217410371257,-6.88859197430899,0.738569102645404
21,17,2.5541552765149,0,0.911446117990289,0.847937796378095,682.396354861848,0.312562697917071,80.0304202109791,0.784491455378101,-5.79217410371257,-6.83089505911097,0.723797720592496
21,18,-9.29042220700259,0,0.918724733285265,0.85505764086904,689.220318410466,0.330376765364997,78.0296597057046,0.78056899810121,-5.79217410371257,-6.77401595736362,0.709321766180646
22,1,186.433306806659,0,0.755119953189,0.162668227033353,567.899814400167,0.08,120,0.85,-7.8490336429609,-48.2517931504323,1
22,2,177.425875742861,0,0.762007753071973,0.168074897600936,573.578812544169,0.092,117,0.84575,-7.8490336429609,-46.6996187711327,0.98
22,3,168.256944683667,0,0.768912772454652,0.173495084844939,579.31460066961,0.1043,114.075,0.84152125,-7.8490336429609,-45.2406686332122,0.9604
22,4,158.922212922813,0,0.775835054385789,0.178928822557051,585.107746676307,0.1169075,111.223125,0.83731364375,-7.8490336429609,-43.8667931236079,0.941192
22,5,149.417317219613,0,0.782774642021754,0.184376144613444,590.95882414307,0.1298301875,108.442546875,0.83312707553125,-7.8490336429609,-42.5707656455064,0.92236816
22,6,139.737828841033,0,0.789731578626808,0.189837084974977,596.8684123845,0.1430759421875,105.731483203125,0.828961440153594,-7.8490336429609,-41.3461555417135,0.9039207968
22,7,129.879250585101,0,0.796705907573375,0.195311677687415,602.837096508345,0.156652840742187,103.088196123047,0.824816632952826,-7.8490336429609,-40.1872214498246,0.885842380864
22,8,119.837013782911,0,0.803697672342308,0.200799956881633,608.865467473429,0.170569161760742,100.510991219971,0.820692549788062,-7.8490336429609,-39.0888213566087,0.86812553324672
22,9,109.606475276533,0,0.810706916523164,0.206301956773837,614.954122148163,0.184833390804761,97.9982164394714,0.816589087039121,-7.8490336429609,-38.0463363785035,0.850763022581785
22,10,99.1829143701669,0,0.817733683814472,0.211817711665772,621.103663369645,0.19945422557488,95.5482610284846,0.812506141603926,-7.8490336429609,-37.0556058850542,0.83374776213015
22,11,88.5615297519312,0,0.824778018024008,0.217347255944936,627.314700003341,0.214440581214252,93.1595545027725,0.808443610895906,-7.8490336429609,-36.1128720435716,0.817072806887547
22,12,77.7374363836726,0,0.831839963069068,0.222890624084799,633.587847003374,0.229801595744608,90.8305656402032,0.804401392841427,-7.8490336429609,-35.2147322265774,0.800731350749796
22,13,66.705662356237,0,0.838919562976741,0.228447850645011,639.923725473408,0.245546635638223,88.5598014991981,0.800379385877219,-7.8490336429609,-34.3580980114261,0.7847167237348
22,14,55.4611457076425,0,0.846016861884182,0.234018970271623,646.322962728142,0.261685301529179,86.3458064617181,0.796377488947833,-7.8490336429609,-33.5401597308569,0.769022389260104
22,15,43.9987312016117,0,0.853131904038893,0.239604017697302,652.786192355424,0.278227434067408,84.1871613001752,0.792395601503094,-7.8490336429609,-32.758355717043,0.753641941474902
22,16,32.313167063937,0,0.86026473379899,0.245203027741546,659.314054278978,0.295183119919093,82.0824822676708,0.788433623495579,-7.8490336429609,-32.0103455298036,0.738569102645404
22,17,20.3991016741516,0,0.867415395633487,0.250816035310899,665.907194821768,0.312562697917071,80.0304202109791,0.784491455378101,-7.8490336429609,-31.2939865795726,0.723797720592496
22,18,8.25108020998874,0,0.874583934122571,0.256443075399177,672.566266769986,0.330376765364997,78.0296597057046,0.78056899810121,-7.8490336429609,-30.6073136533056,0.709321766180646
22,19,-4.13645875789322,0,0.881770393957878,0.262084183087675,679.291929437686,0.348636184499122,76.0789182130619,0.776666153110704,-7.8490336429609,-29.9485209312886,0.695135330857033
22,20,-16.7691867234446,0,0.888974819942772,0.267739393545394,686.084848732062,0.3673520891116,74.1769452577354,0.772782822345151,-7.8490336429609,-29.3159461483211,0.681232624239892
23,1,80.2731167655169,0.01686220617204,0.912462908011869,0.847181008902077,568.834369674294,0.08,120,0.85,-6.51452754893139,-7.68965248332707,1
23,2,65.964254655568,0.0138299421536534,0.919744065281899,0.854298961424332,574.522713371037,0.092,117,0.84575,-6.51452754893139,-7.62558289672977,0.98
23,3,52.6638272279145,0.0112980016983006,0.927043425445103,0.861434708827893,580.267940504747,0.1043,114.075,0.84152125,-6.51452754893139,-7.56241591170079,0.9604
23,4,40.166062863276,0.00918383141808101,0.934361034008716,0.868588295599963,586.070619909795,0.1169075,111.223125,0.83731364375,-6.51452754893139,-7.50013278089545,0.941192
23,5,28.3009209449509,0.00741849923409765,0.941696936593738,0.875759766338963,591.931326108893,0.1298301875,108.442546875,0.83312707553125,-6.51452754893139,-7.43871527252823,0.92236816
23,6,16.9277581549442,0.00594444686047153,0.949051178935222,0.88294916575481,597.850639369982,0.1430759421875,105.731483203125,0.828961440153594,-6.51452754893139,-7.37814565277073,0.9039207968
23,7,5.93011650498449,0.00471361312849373,0.95642380688256,0.890156538669197,603.829145763682,0.156652840742187,103.088196123047,0.824816632952826,-6.51452754893139,-7.31840666886607,0.885842380864
23,8,-4.78856592780674,0.00368586696229226,0.963814866399767,0.89738193001587,609.867437221318,0.170569161760742,100.510991219971,0.820692549788062,-6.51452754893139,-7.25948153292566,0.86812553324672
24,1,121.018670566417,0.00564611887356303,0.785478547854785,0.749174917491749,555.100386519539,0.08,120,0.85,-8.38930215850573,-11.1980553040847,1
24,2,112.910971892178,0.00446450925942513,0.792442244224422,0.756047854785478,560.651390384734,0.092,117,0.84575,-8.38930215850573,-11.0962581341972,0.98
24,3,104.803112646576,0.00347786523161998,0.799423349834983,0.762937974422442,566.257904288582,0.1043,114.075,0.84152125,-8.38930215850573,-10.9960474373511,0.9604
24,4,96.6658958410094,0.00265401746840269,0.80642190820957,0.769845319358498,571.920483331468,0.1169075,111.223125,0.83731364375,-8.38930215850573,-10.8973867185377,0.941192
24,5,88.4746617430927,0.00196610458611624,0.813437962980094,0.776769932656894,577.639688164782,0.1298301875,108.442546875,0.83312707553125,-8.38930215850573,-10.8002405935186,0.92236816
24,6,80.2084697030903,0.00139169732940706,0.820471557887544,0.783711857488536,583.41608504643,0.1430759421875,105.731483203125,0.828961440153594,-8.38930215850573,-10.7045747468845,0.9039207968
24,7,71.8494252276332,0.000912067270054898,0.827522736782263,0.790671137132258,589.250245896895,0.156652840742187,103.088196123047,0.824816632952826,-8.38930215850573,-10.6103558920002,0.885842380864
24,8,63.3821263864281,0.00051157617049584,0.834591543624219,0.797647814975088,595.142748355864,0.170569161760742,100.510991219971,0.820692549788062,-8.38930215850573,-10.5175517327378,0.86812553324672
24,9,54.7932082691087,0.000177166102364026,0.841678022483279,0.804641934512526,601.094175839422,0.184833390804761,97.9982164394714,0.816589087039121,-8.38930215850573,-10.426130926905,0.850763022581785
24,10,46.1296522173961,0,0.848782217539488,0.811653539348807,607.105117597816,0.19945422557488,95.5482610284846,0.812506141603926,-8.38930215850573,-10.3360630512823,0.83374776213015
24,11,37.3951874460436,0,0.855904173083336,0.818682673197179,613.176168773794,0.214440581214252,93.1595545027725,0.808443610895906,-8.38930215850573,-10.2473185681862,0.817072806887547
24,12,28.4827202897846,0,0.863043933516044,0.825729379880172,619.307930461532,0.229801595744608,90.8305656402032,0.804401392841427,-8.38930215850573,-10.1598687934819,0.800731350749796
24,13,19.3883531500335,0,0.870201543349835,0.832793703329873,625.501009766148,0.245546635638223,88.5598014991981,0.800379385877219,-8.38930215850573,-10.0736858659733,0.7847167237348
24,14,10.1081142850158,0,0.877377047208209,0.839875687588197,631.756019863809,0.261685301529179,86.3458064617181,0.796377488947833,-8.38930215850573,-9.98874271809987,0.769022389260104
24,15,0.637955248561175,0,0.88457048982623,0.846975376807168,638.073580062447,0.278227434067408,84.1871613001752,0.792395601503094,-8.38930215850573,-9.90501304787723,0.753641941474902
24,16,-9.02625170391838,0,0.891781916050795,0.854092815249186,644.454315863072,0.295183119919093,82.0824822676708,0.788433623495579,-8.38930215850573,-9.82247129202007,0.738569102645404
25,1,41.2024551228347,0.00246344364418982,0.724478982691628,0.158954433062522,562.136357568264,0.08,120,0.85,-6.27732092153874,-39.4913233975026,1
25,2,32.0205093247693,0.0018069754428985,0.731290180148357,0.164351819145178,567.757721143947,0.092,117,0.84575,-6.27732092153874,-38.1944109544278,0.98
25,3,22.8828471439042,0.00125882449482025,0.738118405598728,0.169762698693041,573.435298355386,0.1043,114.075,0.84152125,-6.27732092153874,-36.9770330577105,0.9604
25,4,13.753818732195,0.000801118453174908,0.744963701612725,0.175187105439774,579.16965133894,0.1169075,111.223125,0.83731364375,-6.27732092153874,-35.8320945241987,0.941192
25,5,4.60442974627782,0.000418933908401048,0.751826110866757,0.180625073203373,584.961347852329,0.1298301875,108.442546875,0.83312707553125,-6.27732092153874,-34.7533197369052,0.92236816
25,6,-4.58909664417166,9.98098135148748e-05,0.758705676143923,0.186076635886382,590.810961330853,0.1430759421875,105.731483203125,0.828961440153594,-6.27732092153874,-33.7351376309902,0.9039207968
25,7,-13.7101633074954,0,0.765602440334283,0.191541827476098,596.719070944161,0.156652840742187,103.088196123047,0.824816632952826,-6.27732092153874,-32.7725855195888,0.885842380864
26,1,155.790653273896,0,0.786214953271028,0.317367601246106,552.574801777871,0.08,120,0.85,-3.8398902353733,-12.0991878827468,1
26,2,148.147940713951,0,0.793180490654206,0.323161020249221,558.10054979565,0.092,117,0.84575,-3.8398902353733,-11.8822815710013,0.98
26,3,140.357491703495,0,0.800163441880841,0.328968922799844,563.681555293606,0.1043,114.075,0.84152125,-3.8398902353733,-11.6725014712396,0.9604
26,4,132.415686158818,0,0.807163850485543,0.334791345106844,569.318370846542,0.1169075,111.223125,0.83731364375,-3.8398902353733,-11.4695026962177,0.941192
26,5,124.318851689257,0,0.814181760111757,0.340628323469611,575.011554555008,0.1298301875,108.442546875,0.83312707553125,-3.8398902353733,-11.2729622606262,0.92236816
26,6,116.063261031736,0,0.821217214512036,0.346479894278285,580.761670100558,0.1430759421875,105.731483203125,0.828961440153594,-3.8398902353733,-11.0825773696675,0.9039207968
26,7,107.645129472706,0,0.828270257548316,0.352346094013981,586.569286801564,0.156652840742187,103.088196123047,0.824816632952826,-3.8398902353733,-10.8980638656404,0.885842380864
26,8,99.0606122550407,0,0.835340933192187,0.358226959249016,592.434979669579,0.170569161760742,100.510991219971,0.820692549788062,-3.8398902353733,-10.7191548157716,0.86812553324672
26,9,90.3058019675177,0,0.842429285525168,0.364122526647138,598.359329466275,0.184833390804761,97.9982164394714,0.816589087039121,-3.8398902353733,-10.545599226533,0.850763022581785
26,10,81.3767259145337,0,0.84953535873898,0.370032832963756,604.342922760938,0.19945422557488,95.5482610284846,0.812506141603926,-3.8398902353733,-10.377160871423,0.83374776213015
26,11,72.2693434637358,0,0.856659197135828,0.375957915046165,610.386351988547,0.214440581214252,93.1595545027725,0.808443610895906,-3.8398902353733,-10.2136172206982,0.817072806887547
26,12,62.9795433692771,0,0.863800845128667,0.381897809833781,616.490215508433,0.229801595744608,90.8305656402032,0.804401392841427,-3.8398902353733,-10.0547584628584,0.800731350749796
26,13,53.5031410684311,0,0.870960347241489,0.387852554358365,622.655117663517,0.245546635638223,88.5598014991981,0.800379385877219,-3.8398902353733,-9.90038660883833,0.7847167237348
26,14,43.8358759493156,0,0.878137748109593,0.393822185744261,628.881668840152,0.261685301529179,86.3458064617181,0.796377488947833,-3.8398902353733,-9.75031467086223,0.769022389260104
26,15,33.9734085874927,0,0.885333092479867,0.399806741208622,635.170485528554,0.278227434067408,84.1871613001752,0.792395601503094,-3.8398902353733,-9.60436590880197,0.753641941474902
26,16,23.911317949225,0,0.892546425211066,0.405806258061643,641.522190383839,0.295183119919093,82.0824822676708,0.788433623495579,-3.8398902353733,-9.46237313765134,0.738569102645404
26,17,13.6450985591767,0,0.899777791274094,0.411820773706797,647.937412287678,0.312562697917071,80.0304202109791,0.784491455378101,-3.8398902353733,-9.32417809041166,0.723797720592496
26,18,3.17015763035233,0,0.907027235752279,0.417850325641064,654.416786410554,0.330376765364997,78.0296597057046,0.78056899810121,-3.8398902353733,-9.18963083128428,0.709321766180646
26,19,-7.51818784592707,0,0.91429480384166,0.423894951455167,660.96095427466,0.348636184499122,76.0789182130619,0.776666153110704,-3.8398902353733,-9.0585892145956,0.695135330857033
27,1,3.17694597102191,0.0186641994967224,0.963150289017341,0.490245664739884,566.831929580262,0.08,120,0.85,-4.21149186188393,-8.59057440950238,1
27,2,-12.4265949452923,0.0153346065797632,0.970558164739884,0.496471278901734,572.500248876065,0.092,117,0.84575,-4.21149186188393,-8.48285095403778,0.98
28,1,-123.453520814322,0.0424009084696386,0.68760907504363,0.666666666666667,595.728050754932,0.08,120,0.85,-5.59917911501454,-8.39876867252181,1
29,1,4488.36783961694,0.0401951927690138,0.5,0.001,551.20027345753,0.08,120,0.85,-5.39443778828919,-431.555023063135,1
29,2,432.520554533962,0.0333129859621266,0.50625,0.0060025,556.712276192105,0.092,117,0.84575,-5.39443778828919,-431.555023063135,0.98
29,3,70.4062961394666,0.0275663432783757,0.512515625,0.01101750625,562.279398954026,0.1043,114.075,0.84152125,-5.39443778828919,-431.555023063135,0.9604
29,4,-62.1957364535266,0.0227678966374437,0.5187969140625,0.016045050015625,567.902192943567,0.1169075,111.223125,0.83731364375,-5.39443778828919,-336.205732175093,0.941192
30,1,245.367156060365,0.0250393853295876,0.615871008536199,0.027189377173569,539.428121470324,0.08,120,0.85,1.93641481257971,71.2195354905781,1
31,1,99.1142418286007,0.0131802271982888,0.687928307854507,0.151818661043753,540.215384696219,0.08,120,0.85,2.15689767568988,14.207065592999,1
31,2,86.8438669517465,0.0107554897105712,0.694648128624143,0.157198207696362,545.617538543181,0.092,117,0.84575,2.15689767568988,13.720879565345,0.98
31,3,74.9173035346234,0.00873083390832692,0.701384748945704,0.162591203215603,551.073713928613,0.1043,114.075,0.84152125,2.15689767568988,13.2657710443888,0.9604
31,4,63.2308240330191,0.00704024631345298,0.708138210818068,0.167997681223642,556.584451067899,0.1169075,111.223125,0.83731364375,2.15689767568988,12.8388538459562,0.941192
31,5,51.7015930189843,0.00562860567173324,0.714908556345113,0.173417675426701,562.150295578578,0.1298301875,108.442546875,0.83312707553125,2.15689767568988,12.437588442947,0.92236816
31,6,40.2631198762338,0.00444988573589725,0.721695827735976,0.178851219615268,567.771798534364,0.1430759421875,105.731483203125,0.828961440153594,2.15689767568988,12.0597314367195,0.9039207968
31,7,28.8617303386932,0.00346565458947421,0.728500067305316,0.184298347664306,573.449516519708,0.156652840742187,103.088196123047,0.824816632952826,2.15689767568988,11.7032936161674,0.885842380864
32,1,178.1536858466,0.0102260732205929,0.998762759047325,0.754716981132076,560.039083792544,0.08,120,0.85,1.71793777723326,2.27626755483407,1
32,2,165.133429223131,0.00828877113919505,1,0.761603773584906,565.63947463047,0.092,117,0.84575,1.71793777723326,2.25568443437044,0.98
32,3,152.481986266231,0.00667112390122787,1,0.768507783018868,571.295869376774,0.1043,114.075,0.84152125,1.71793777723326,2.23542014172559,0.9604
32,4,140.244441699438,0.00532038845752527,1,0.775429052476416,577.008828070542,0.1169075,111.223125,0.83731364375,1.71793777723326,2.21546738769568,0.941192
32,5,128.316084184186,0.0041925243620336,1,0.782367625107607,582.778916351247,0.1298301875,108.442546875,0.83312707553125,1.71793777723326,2.19581910357931,0.92236816
32,6,116.610058485103,0.00325075784229806,1,0.789323544170375,588.60670551476,0.1430759421875,105.731483203125,0.828961440153594,1.71793777723326,2.17646843290214,0.9039207968
32,7,105.054178840186,0.00246438279831888,1,0.796296853030801,594.492772569908,0.156652840742187,103.088196123047,0.824816632952826,1.71793777723326,2.15740872351132,0.885842380864
32,8,93.5883088854307,0.00180775963659626,1,0.803287595163378,600.437700295607,0.170569161760742,100.510991219971,0.820692549788062,1.71793777723326,2.13863352002075,0.86812553324672
32,9,82.1622071399576,0.00125947929655788,1,0.810295814151287,606.442077298563,0.184833390804761,97.9982164394714,0.816589087039121,1.71793777723326,2.12013655658909,0.850763022581785
32,10,70.7337550935662,0.000801665212625829,1,0.817321553686665,612.506498071548,0.19945422557488,95.5482610284846,0.812506141603926,1.71793777723326,2.10191175001346,0.83374776213015
32,11,59.2674997469308,0.000419390452542567,1,0.824364857570881,618.631563052264,0.214440581214252,93.1595545027725,0.808443610895906,1.71793777723326,2.08395319312304,0.817072806887547
32,12,47.7334546141719,0.000100191027873043,1,0.831425769714809,624.817878682787,0.229801595744608,90.8305656402032,0.804401392841427,1.71793777723326,2.06625514845726,0.800731350749796
32,13,36.3725378161797,0,1,0.838504334139096,631.066057469614,0.245546635638223,88.5598014991981,0.800379385877219,1.71793777723326,2.04881204221454,0.7847167237348
32,14,24.9782066635443,0,1,0.845600594974443,637.376718044311,0.261685301529179,86.3458064617181,0.796377488947833,1.71793777723326,2.03161845845814,0.769022389260104
32,15,13.3833475766768,0,1,0.852714596461879,643.750485224754,0.278227434067408,84.1871613001752,0.792395601503094,1.71793777723326,2.01466913356638,0.753641941474902
32,16,1.58340609413869,0,1,0.859846382953034,650.187990077001,0.295183119919093,82.0824822676708,0.788433623495579,1.71793777723326,1.99795895091542,0.738569102645404
33,1,141.064596639737,0.00241146849128693,0.858140389562661,0.702315325248071,562.66404547657,0.08,120,0.85,-5.42373076713271,-7.72264333718896,1
33,2,130.610427691567,0.00176357619022458,0.865285740536568,0.709071113561191,568.290685931336,0.092,117,0.84575,-5.42373076713271,-7.649064619052,0.98
33,3,120.475520073183,0.00122258611883753,0.872448954887909,0.715843791345094,573.973592790649,0.1043,114.075,0.84152125,-5.42373076713271,-7.57669596734413,0.9604
33,4,110.5735657808,0.000770859409229336,0.879630077275129,0.722633400823457,579.713328718556,0.1169075,111.223125,0.83731364375,-5.42373076713271,-7.50550799472077,0.941192
33,5,100.83292931176,0.000393667606706496,0.886829152468316,0.729439984325516,585.510462005741,0.1298301875,108.442546875,0.83312707553125,-5.42373076713271,-7.43547225773183,0.92236816
33,6,91.1940201177881,7.87124515999237e-05,0.894046225349487,0.736263584286329,591.365566625799,0.1430759421875,105.731483203125,0.828961440153594,-5.42373076713271,-7.36656121922696,0.9039207968
33,7,82.2458287644995,0,0.901281340912861,0.743104243247045,597.279222292057,0.156652840742187,103.088196123047,0.824816632952826,-5.42373076713271,-7.2987482125433,0.885842380864
33,8,73.4107501682629,0,0.908534544265143,0.749962003855163,603.252014514977,0.170569161760742,100.510991219971,0.820692549788062,-5.42373076713271,-7.23200740737817,0.86812553324672
33,9,64.4081868275261,0,0.915805880625806,0.756836908864801,609.284534660127,0.184833390804761,97.9982164394714,0.816589087039121,-5.42373076713271,-7.16631377725474,0.850763022581785
33,10,55.23420878459,0,0.92309539532737,0.763729001136962,615.377380006728,0.19945422557488,95.5482610284846,0.812506141603926,-5.42373076713271,-7.10164306849473,0.83374776213015
33,11,45.8848164616467,0,0.930403133815689,0.770638323639805,621.531153806796,0.214440581214252,93.1595545027725,0.808443610895906,-5.42373076713271,-7.0379717706172,0.817072806887547
33,12,36.3559381373926,0,0.937729141650228,0.777564919448904,627.746465344863,0.229801595744608,90.8305656402032,0.804401392841427,-5.42373076713271,-6.97527708808771,0.800731350749796
33,13,26.6434273906875,0,0.945073464504353,0.784508831747527,634.023929998312,0.245546635638223,88.5598014991981,0.800379385877219,-5.42373076713271,-6.91353691334631,0.7847167237348
33,14,16.7430605093862,0,0.952436148165614,0.791470103826895,640.364169298295,0.261685301529179,86.3458064617181,0.796377488947833,-5.42373076713271,-6.85272980104748,0.769022389260104
33,15,6.65053386246322,0,0.959817238536028,0.798448779086463,646.767810991278,0.278227434067408,84.1871613001752,0.792395601503094,-5.42373076713271,-6.792834943449,0.753641941474902
33,16,-3.63853876645693,0,0.967216781632368,0.805444901034179,653.235489101191,0.295183119919093,82.0824822676708,0.788433623495579,-5.42373076713271,-6.73383214689015,0.738569102645404
34,1,91.3757736449333,0.0222981046290973,0.866419823412133,0.71233266875534,562.690906752192,0.08,120,0.85,-5.20806372948167,-7.31128018960822,1
34,2,52.0899166554209,0.0183689173652963,0.873585872970663,0.719113500427228,568.317815819714,0.092,117,0.84575,-5.20806372948167,-7.24233897206427,0.98
34,3,18.4154327507303,0.0150880460000224,0.88076983765309,0.725911284178296,574.000993977911,0.1043,114.075,0.84152125,-5.20806372948167,-7.17451821316843,0.9604
34,4,-10.6643779055648,0.0123485184100187,0.887971762247223,0.732726062388742,579.74100391769,0.1169075,111.223125,0.83731364375,-5.20806372948167,-7.10779102425126,0.941192
35,1,104.37248533356,0,0.843189724377843,0.492373561680492,559.334151964331,0.08,120,0.85,-1.3180666125748,-2.67696463651741,1
35,2,95.8163471094857,0,0.850297698688788,0.498604495584693,564.927493483974,0.092,117,0.84575,-1.3180666125748,-2.64351128849963,0.98
35,3,87.141987867253,0,0.85742344293551,0.504851006823655,570.576768418814,0.1043,114.075,0.84152125,-1.3180666125748,-2.61080317709498,0.9604
35,4,78.3455515854131,0,0.864567001542848,0.511113134340714,576.282536103002,0.1169075,111.223125,0.83731364375,-1.3180666125748,-2.57881577290119,0.941192
35,5,69.423141247908,0,0.871728419046706,0.517390917176566,582.045361464032,0.1298301875,108.442546875,0.83312707553125,-1.3180666125748,-2.5475256113261,0.92236816
35,6,60.3708163519566,0,0.878907740094322,0.523684394469507,587.865815078673,0.1430759421875,105.731483203125,0.828961440153594,-1.3180666125748,-2.51691023542911,0.9039207968
35,7,51.1845904014419,0,0.886105009444558,0.529993605455681,593.744473229459,0.156652840742187,103.088196123047,0.824816632952826,-1.3180666125748,-2.4869481424055,0.885842380864
35,8,41.8604283838892,0,0.893320271968169,0.53631858946932,599.681917961754,0.170569161760742,100.510991219971,0.820692549788062,-1.3180666125748,-2.45761873344537,0.86812553324672
35,9,32.3942442291289,0,0.90055357264809,0.542659385942993,605.678737141371,0.184833390804761,97.9982164394714,0.816589087039121,-1.3180666125748,-2.42890226672181,0.850763022581785
35,10,22.7818982477541,0,0.90780495657971,0.549016034407851,611.735524512785,0.19945422557488,95.5482610284846,0.812506141603926,-1.3180666125748,-2.40077981328254,0.83374776213015
35,11,13.0191945474802,0,0.915074468971159,0.555388574493871,617.852879757913,0.214440581214252,93.1595545027725,0.808443610895906,-1.3180666125748,-2.37323321563819,0.817072806887547
35,12,3.10187842552509,0,0.922362155143587,0.561777045930105,624.031408555492,0.229801595744608,90.8305656402032,0.804401392841427,-1.3180666125748,-2.34624504885661,0.800731350749796
36,1,112899.925656059,0.0453801003413356,0.378850957535387,0.001,490.131021712992,0.08,120,0.85,2.62722926124639,210.178340899711,1
36,2,15371.5337418684,0.0376423837850152,0.384798084929225,0.0060025,495.032331930122,0.092,117,0.84575,2.62722926124639,210.178340899711,0.98
36,3,6799.82470704327,0.0311813904604877,0.390760080141549,0.01101750625,499.982655249423,0.1043,114.075,0.84152125,2.62722926124639,210.178340899711,0.9604
36,4,3757.01602280356,0.0257864610345072,0.396736980341902,0.016045050015625,504.982481801917,0.1169075,111.223125,0.83731364375,2.62722926124639,163.740795989289,0.941192
36,5,2271.24800038029,0.0212816949638135,0.402728822792757,0.0210851626406641,510.032306619937,0.1298301875,108.442546875,0.83312707553125,2.62722926124639,124.600853501581,0.92236816
36,6,1428.95150923359,0.0175202152947843,0.408735644849739,0.0261378755472657,515.132629686136,0.1430759421875,105.731483203125,0.828961440153594,2.62722926124639,100.514261631383,0.9039207968
36,7,908.116879024616,0.0143793797711449,0.414757483961863,0.0312032202361339,520.283955982997,0.156652840742187,103.088196123047,0.824816632952826,2.62722926124639,84.1973758273837,0.885842380864
36,8,567.180540715613,0.011756782108906,0.420794377671768,0.0362812282867242,525.486795542827,0.170569161760742,100.510991219971,0.820692549788062,2.62722926124639,72.4129084187519,0.86812553324672
36,9,334.766746870559,0.00956691306093649,0.426846363615947,0.041371931357441,530.741663498256,0.184833390804761,97.9982164394714,0.816589087039121,2.62722926124639,63.5026979656309,0.850763022581785
36,10,171.370625332291,0.00773837240588197,0.432913479524987,0.0464753611858346,536.049080133238,0.19945422557488,95.5482610284846,0.812506141603926,2.62722926124639,56.5295071240275,0.83374776213015
36,11,53.6066077658007,0.00621154095891144,0.4389957632238,0.0515915495887992,541.409570934571,0.214440581214252,93.1595545027725,0.808443610895906,2.62722926124639,50.9236354051435,0.817072806887547
37,1,338.750262399151,0.0506627246802701,0.162655971479501,0.014705882352941,535.332260852712,0.08,120,0.85,-12.255876060951,-833.399572144678,1
37,2,136.639594545956,0.0420533751080255,0.1680626114082,0.0197426470588234,540.685583461239,0.092,117,0.84575,-12.255876060951,-620.7818042046,0.98
37,3,22.4491927574389,0.0348645682152013,0.17348276793672,0.0247920036764704,546.092439295852,0.1043,114.075,0.84152125,-12.255876060951,-494.347944639215,0.9604
37,4,-49.5480413414842,0.0288619144596931,0.178916474856562,0.0298539836856616,551.55336368881,0.1169075,111.223125,0.83731364375,-12.255876060951,-410.527324929078,0.941192
37,5,-98.5202953138455,0.0238496985738437,0.184363766043703,0.0349286186448757,557.068897325698,0.1298301875,108.442546875,0.83312707553125,-12.255876060951,-350.883502882214,0.92236816
37,6,-133.841248651413,0.0196644983091595,0.189824675458813,0.0400159401914879,562.639586298955,0.1430759421875,105.731483203125,0.828961440153594,-12.255876060951,-306.274849530039,0.9039207968
37,7,-160.591634349015,0.0161698560881482,0.19529923714746,0.0451159800419666,568.265982161945,0.156652840742187,103.088196123047,0.824816632952826,-12.255876060951,-271.652661641189,0.885842380864
37,8,-181.734894146904,0.0132518298336037,0.200787485240328,0.0502287699920716,573.948641983564,0.170569161760742,100.510991219971,0.820692549788062,-12.255876060951,-244.001118539943,0.86812553324672
38,1,193.494296601101,0.0250909045307528,0.244755244755245,0.221678321678322,588.875741739451,0.08,120,0.85,8.88697523940661,40.0895097550518,1
38,2,166.766941394331,0.0207009052831786,0.250367132867133,0.227232517482518,594.764499156845,0.092,117,0.84575,8.88697523940661,39.1096104460064,0.98
38,3,142.588869337372,0.0170352559114541,0.255993050699301,0.232800598776224,600.712144148414,0.1043,114.075,0.84152125,8.88697523940661,38.1741940790671,0.9604
38,4,120.46419113561,0.0139744386860642,0.261633033326049,0.238382600273165,606.719265589898,0.1169075,111.223125,0.83731364375,8.88697523940661,37.2803016211038,0.941192
38,5,99.9915034503044,0.0114186563028636,0.267287115909364,0.243978556773848,612.786458245797,0.1298301875,108.442546875,0.83312707553125,8.88697523940661,36.4252307945418,0.92236816
38,6,80.845207138654,0.0092845780128911,0.272955333699138,0.249588503165782,618.914322828255,0.1430759421875,105.731483203125,0.828961440153594,8.88697523940661,35.6065088202548,0.9039207968
38,7,62.7605965093772,0.00750262264076407,0.278637722033386,0.255212474423697,625.103466056538,0.156652840742187,103.088196123047,0.824816632952826,8.88697523940661,34.8218685605967,0.885842380864
38,8,45.5219416349414,0.006014689905038,0.284334316338469,0.260850505609756,631.354500717103,0.170569161760742,100.510991219971,0.820692549788062,8.88697523940661,34.069227577814,0.86812553324672
39,1,389.110518674006,0,0.684742647058824,0.366727941176471,535.918239692409,0.08,120,0.85,2.65175554458344,7.23085221179644,1
39,2,380.68281033009,0,0.691454503676471,0.372644761029412,541.277422089333,0.092,117,0.84575,2.65175554458344,7.11604139357307,0.98
39,3,372.06263173312,0,0.698183139935662,0.378576372931986,546.690196310226,0.1043,114.075,0.84152125,2.65175554458344,7.00454580418269,0.9604
39,4,363.245193505514,0,0.704928597785501,0.384522813864316,552.157098273329,0.1169075,111.223125,0.83731364375,2.65175554458344,6.89622422642301,0.941192
39,5,354.225643700488,0,0.711690919279965,0.390484120898976,557.678669256062,0.1298301875,108.442546875,0.83312707553125,2.65175554458344,6.79094335123934,0.92236816
39,6,344.999063755,0,0.718470146578165,0.396460331201224,563.255455948623,0.1430759421875,105.731483203125,0.828961440153594,2.65175554458344,6.6885772317976,0.9039207968
39,7,335.560464462912,0,0.725266321944611,0.402451482029227,568.888010508109,0.156652840742187,103.088196123047,0.824816632952826,2.65175554458344,6.58900678216626,0.885842380864
39,8,325.904781962582,0,0.732079487749472,0.4084576107343,574.57689061319,0.170569161760742,100.510991219971,0.820692549788062,2.65175554458344,6.49211931641151,0.86812553324672
39,9,316.026873733383,0,0.738909686468846,0.414478754761136,580.322659519322,0.184833390804761,97.9982164394714,0.816589087039121,2.65175554458344,6.39780812435525,0.850763022581785
39,10,305.921514595787,0,0.745756960685018,0.420514951648039,586.125886114515,0.19945422557488,95.5482610284846,0.812506141603926,2.65175554458344,6.30597208063817,0.83374776213015
39,11,295.583392709905,0,0.75262135308673,0.426566239027159,591.98714497566,0.214440581214252,93.1595545027725,0.808443610895906,2.65175554458344,6.21651528407669,0.817072806887547
39,12,285.007105567489,0,0.759502906469447,0.432632654624726,597.907016425417,0.229801595744608,90.8305656402032,0.804401392841427,2.65175554458344,6.1293467246101,0.800731350749796
39,13,274.187155972609,0,0.766401663735621,0.438714236261288,603.886086589671,0.245546635638223,88.5598014991981,0.800379385877219,2.65175554458344,6.04437997540639,0.7847167237348
39,14,263.117948006324,0,0.77331766789496,0.444811021851941,609.924947455568,0.261685301529179,86.3458064617181,0.796377488947833,2.65175554458344,5.96153290793702,0.769022389260104
39,15,251.793782970811,0,0.780250962064697,0.450923049406571,616.024196930123,0.278227434067408,84.1871613001752,0.792395601503094,2.65175554458344,5.88072742804617,0.753641941474902
39,16,240.20885530854,0,0.787201589469859,0.457050357030088,622.184438899425,0.295183119919093,82.0824822676708,0.788433623495579,2.65175554458344,5.80188923123164,0.738569102645404
39,17,228.357248492173,0,0.794169593443533,0.463192982922663,628.406283288419,0.312562697917071,80.0304202109791,0.784491455378101,2.65175554458344,5.72494757552532,0.723797720592496
39,18,216.232930880965,0,0.801155017427142,0.46935096537997,634.690346121303,0.330376765364997,78.0296597057046,0.78056899810121,2.65175554458344,5.64983507051418,0.709321766180646
39,19,203.82975153954,0,0.80815790497071,0.47552434279342,641.037249582516,0.348636184499122,76.0789182130619,0.776666153110704,2.65175554458344,5.57648748117914,0.695135330857033
39,20,191.141436014966,0,0.815178299733137,0.481713153650403,647.447622078341,0.3673520891116,74.1769452577354,0.772782822345151,2.65175554458344,5.50484354535172,0.681232624239892
40,1,-164.276164155517,0.036274884027502,0.509803921568628,0.506372549019608,608.560686107147,0.08,120,0.85,5.18546624881509,10.2404173742331,1
41,1,-75.259082028679,0.0566689503031288,0.625411454904543,0.515470704410797,460.376757883919,0.08,120,0.85,-2.63481436842403,-5.11147257424789,1
42,1,50.6257590001975,0.036987042268944,0.957894736842105,0.934210526315789,574.902445089494,0.08,120,0.85,-0.915096630695061,-0.979540055391897,1
42,2,34.1714906477053,0.0306341802945682,0.96528947368421,0.941546052631578,580.651469540389,0.092,117,0.84575,-0.915096630695061,-0.971908520180619,0.98
42,3,19.0529282799625,0.0253295405459645,0.972702697368421,0.948899917763157,586.457984235793,0.1043,114.075,0.84152125,-0.915096630695061,-0.964376341028903,0.9604
42,4,5.0024559117681,0.0209001663558803,0.980134454111842,0.956272167557565,592.322564078151,0.1169075,111.223125,0.83731364375,-0.915096630695061,-0.956941613214916,0.941192
42,5,-8.20096873485127,0.0172016389071601,0.987584790247121,0.963662847976459,598.245789718932,0.1298301875,108.442546875,0.83312707553125,-0.915096630695061,-0.949602480386808,0.92236816
