location,numRuns,meanVal,streamflowRechargeScalar,thisFrcAreaUnderCult,thisFrcCultAreaWthIrr,thisWplant,runoffRatio,initialSoilMoisture,effectiveIrrigationRatio,recentHistoricSlope,rescaledRecentHistoricSlope,rechScalar,,,,,,,,
,,,,,,,,,,,,,,,,,,,,
1,1,843.3071605,0.049642189,0.55006502,0.044646727,563.2038977,0.08,120,0.85,1.638542261,36.70016501,1,,,,,,,,
1,2,552.0175058,0.041201228,0.556440182,0.049758344,568.8359366,0.092,117,0.84575,1.638542261,32.92999975,0.95,,,,,,,,
1,3,340.2203875,0.034153025,0.562831283,0.05488274,574.524296,0.1043,114.075,0.84152125,1.638542261,29.85532902,0.9025,,,,,,,,
1,4,183.5704826,0.028267776,0.569238361,0.060019947,580.269539,0.1169075,111.223125,0.837313644,1.638542261,27.29996187,0.857375,,,,,,,,
1,5,65.9620979,0.023353593,0.575661457,0.065169997,586.0722343,0.129830188,108.4425469,0.833127076,1.638542261,25.1425862,0.81450625,,,,,,,,
2,1,453.7206674,0.059361044,0.162655971,0.014705882,535.3322609,0.08,120,0.85,-12.25587606,-833.3995721,1,,,,,,,,
2,2,201.3919677,0.049316471,0.168062611,0.019742647,540.6855835,0.092,117,0.84575,-12.25587606,-620.7818042,0.95,,,,,,,,
2,3,59.9522791,0.040929254,0.173482768,0.024792004,546.0924393,0.1043,114.075,0.84152125,-12.25587606,-494.3479446,0.9025,,,,,,,,
2,4,-28.28236492,0.033925927,0.178916475,0.029853984,551.5533637,0.1169075,111.223125,0.837313644,-12.25587606,-410.5273249,0.857375,,,,,,,,
2,5,-87.49085963,0.028078149,0.184363766,0.034928619,557.0688973,0.129830188,108.4425469,0.833127076,-12.25587606,-350.8835029,0.81450625,,,,,,,,
2,6,-129.4960144,0.023195254,0.189824675,0.04001594,562.6395863,0.143075942,105.7314832,0.82896144,-12.25587606,-306.2748495,0.773780938,,,,,,,,
2,7,-160.7049955,0.019118037,0.195299237,0.04511598,568.2659822,0.156652841,103.0881961,0.824816633,-12.25587606,-271.6526616,0.735091891,,,,,,,,
2,8,-184.8539999,0.015713561,0.200787485,0.05022877,573.948642,0.170569162,100.5109912,0.82069255,-12.25587606,-244.0011185,0.698337296,,,,,,,,
3,1,1655.272326,0.080326124,0.711118357,0.58917509,543.0426779,0.08,120,0.85,-2.214572716,-3.758768411,1,,,,,,,,
3,2,1302.628511,0.066822313,0.717896153,0.595648027,548.4731047,0.092,117,0.84575,-2.214572716,-3.717921681,0.95,,,,,,,,
3,3,1012.155132,0.055546632,0.724690893,0.602137147,553.9578357,0.1043,114.075,0.84152125,-2.214572716,-3.677854331,0.9025,,,,,,,,
3,4,772.7079276,0.046131437,0.73150262,0.60864249,559.4974141,0.1169075,111.223125,0.837313644,-2.214572716,-3.638544385,0.857375,,,,,,,,
3,5,575.1412238,0.03826975,0.738331377,0.615164097,565.0923882,0.129830188,108.4425469,0.833127076,-2.214572716,-3.599970687,0.81450625,,,,,,,,
3,6,411.9486217,0.031705241,0.745177205,0.621702007,570.7433121,0.143075942,105.7314832,0.82896144,-2.214572716,-3.562112863,0.773780938,,,,,,,,
3,7,276.9684578,0.026223877,0.752040148,0.628256262,576.4507452,0.156652841,103.0881961,0.824816633,-2.214572716,-3.524951282,0.735091891,,,,,,,,
3,8,165.1423215,0.021646937,0.758920249,0.634826902,582.2152527,0.170569162,100.5109912,0.82069255,-2.214572716,-3.488467025,0.698337296,,,,,,,,
3,9,72.31704494,0.017825192,0.765817549,0.64141397,588.0374052,0.184833391,97.99821644,0.816589087,-2.214572716,-3.452641851,0.663420431,,,,,,,,
3,10,-4.917681969,0.014634036,0.772732093,0.648017505,593.9177792,0.199454226,95.54826103,0.812506142,-2.214572716,-3.41745817,0.63024941,,,,,,,,
4,1,-125.7600008,0.048813938,0.729106628,0.729106628,532.7237196,0.08,120,0.85,3.846331089,5.275402719,1,,,,,,,,
4,2,-121.7585701,0.049108007,0.724783862,0.724783862,527.3964824,0.0792,120.6,0.852125,3.846331089,5.306866353,1.05,,,,,,,,
4,3,-117.8261066,0.049403547,0.720471902,0.720471902,522.1225176,0.078408,121.203,0.854255313,3.846331089,5.338627472,1.1025,,,,,,,,
4,4,-113.9643051,0.049700565,0.716170722,0.716170722,516.9012924,0.07762392,121.809015,0.856390951,3.846331089,5.370690213,1.157625,,,,,,,,
4,5,-110.1749773,0.049999068,0.711880295,0.711880295,511.7322795,0.076847681,122.4180601,0.858531928,3.846331089,5.403058792,1.21550625,,,,,,,,
4,6,-106.4600568,0.050299063,0.707600595,0.707600595,506.6149567,0.076079204,123.0301504,0.860678258,3.846331089,5.435737502,1.276281563,,,,,,,,
4,7,-102.8216059,0.050600559,0.703331593,0.703331593,501.5488071,0.075318412,123.6453011,0.862829954,3.846331089,5.468730718,1.340095641,,,,,,,,
4,8,-99.26182121,0.050903561,0.699073264,0.699073264,496.533319,0.074565228,124.2635276,0.864987029,3.846331089,5.502042898,1.407100423,,,,,,,,
4,9,-95.78304104,0.051208079,0.694825581,0.694825581,491.5679859,0.073819576,124.8848453,0.867149496,3.846331089,5.535678584,1.477455444,,,,,,,,
4,10,-92.3877519,0.05151412,0.690588517,0.690588517,486.652306,0.07308138,125.5092695,0.86931737,3.846331089,5.569642404,1.551328216,,,,,,,,
4,11,-89.07859611,0.05182169,0.686362046,0.686362046,481.7857829,0.072350566,126.1368158,0.871490663,3.846331089,5.603939076,1.628894627,,,,,,,,
4,12,-85.85837945,0.052130799,0.682146141,0.682146141,476.9679251,0.07162706,126.7674999,0.87366939,3.846331089,5.638573407,1.710339358,,,,,,,,
4,13,-82.73007936,0.052441453,0.677940775,0.677940775,472.1982459,0.07091079,127.4013374,0.875853563,3.846331089,5.673550299,1.795856326,,,,,,,,
4,14,-79.69685342,0.05275366,0.673745923,0.673745923,467.4762634,0.070201682,128.0383441,0.878043197,3.846331089,5.708874748,1.885649142,,,,,,,,
4,15,-76.76204839,0.053067428,0.669561559,0.669561559,462.8015008,0.069499665,128.6785358,0.880238305,3.846331089,5.744551848,1.979931599,,,,,,,,
4,16,-73.92920962,0.053382765,0.665387655,0.665387655,458.1734858,0.068804668,129.3219285,0.882438901,3.846331089,5.780586793,2.078928179,,,,,,,,
4,17,-71.20209098,0.053699679,0.661224186,0.661224186,453.5917509,0.068116622,129.9685382,0.884644998,3.846331089,5.816984878,2.182874588,,,,,,,,
4,18,-68.58466525,0.054018178,0.657071125,0.657071125,449.0558334,0.067435455,130.6183808,0.886856611,3.846331089,5.853751507,2.292018318,,,,,,,,
4,19,-66.08113508,0.054338268,0.652928447,0.652928447,444.5652751,0.066761101,131.2714727,0.889073752,3.846331089,5.890892187,2.406619234,,,,,,,,
4,20,-63.6959445,0.05465996,0.648796126,0.648796126,440.1196223,0.06609349,131.9278301,0.891296437,3.846331089,5.928412538,2.526950195,,,,,,,,
5,1,-60.17656664,0.050482002,0.443718593,0.443718593,521.947959,0.08,120,0.85,3.02317317,6.813266826,1,,,,,,,,
5,2,-54.74060334,0.050784413,0.440109296,0.440109296,516.7284794,0.0792,120.6,0.852125,3.02317317,6.86914181,1.05,,,,,,,,
5,3,-49.33774306,0.051088335,0.436509023,0.436509023,511.5611947,0.078408,121.203,0.854255313,3.02317317,6.925797655,1.1025,,,,,,,,
5,4,-43.96868272,0.051393776,0.432917751,0.432917751,506.4455827,0.07762392,121.809015,0.856390951,3.02317317,6.983250663,1.157625,,,,,,,,
5,5,-38.63420044,0.051700745,0.429335456,0.429335456,501.3811269,0.076847681,122.4180601,0.858531928,3.02317317,7.041517595,1.21550625,,,,,,,,
5,6,-33.33515992,0.052009249,0.425762118,0.425762118,496.3673156,0.076079204,123.0301504,0.860678258,3.02317317,7.100615682,1.276281563,,,,,,,,
5,7,-28.07251489,0.052319295,0.422197712,0.422197712,491.4036425,0.075318412,123.6453011,0.862829954,3.02317317,7.160562649,1.340095641,,,,,,,,
5,8,-22.84731393,0.052630892,0.418642218,0.418642218,486.489606,0.074565228,124.2635276,0.864987029,3.02317317,7.221376724,1.407100423,,,,,,,,
5,9,-17.66070549,0.052944046,0.415095613,0.415095613,481.62471,0.073819576,124.8848453,0.867149496,3.02317317,7.283076665,1.477455444,,,,,,,,
5,10,-12.51394314,0.053258766,0.411557874,0.411557874,476.8084629,0.07308138,125.5092695,0.86931737,3.02317317,7.345681772,1.551328216,,,,,,,,
5,11,-7.408391149,0.05357506,0.408028979,0.408028979,472.0403782,0.072350566,126.1368158,0.871490663,3.02317317,7.40921191,1.628894627,,,,,,,,
5,12,-2.345530319,0.053892935,0.404508906,0.404508906,467.3199745,0.07162706,126.7674999,0.87366939,3.02317317,7.47368753,1.710339358,,,,,,,,
6,1,157.7480876,0.086333816,0.458481192,0.415188077,594.8134397,0.08,120,0.85,-1.58997338,-3.829525627,1,,,,,,,,
6,2,67.81422008,0.071838737,0.464627395,0.421226047,600.7615741,0.092,117,0.84575,-1.58997338,-3.774632152,0.95,,,,,,,,
6,3,-6.736559182,0.059735345,0.470788964,0.427279112,606.7691899,0.1043,114.075,0.84152125,-1.58997338,-3.721158688,0.9025,,,,,,,,
7,1,-71.81221239,0.068362647,0.862244898,0.821428571,546.9422567,0.08,120,0.85,-2.508134955,-3.053381684,1,,,,,,,,
7,2,-66.13253513,0.068754461,0.857589286,0.816875,541.4728341,0.0792,120.6,0.852125,-2.508134955,-3.070402393,1.05,,,,,,,,
7,3,-60.48708809,0.069148233,0.852945313,0.812332813,536.0581058,0.078408,121.203,0.854255313,-2.508134955,-3.087570656,1.1025,,,,,,,,
7,4,-54.87637511,0.069543974,0.848312949,0.80780198,530.6975247,0.07762392,121.809015,0.856390951,-2.508134955,-3.104888346,1.157625,,,,,,,,
7,5,-49.30096646,0.069941694,0.843692167,0.803282476,525.3905495,0.076847681,122.4180601,0.858531928,-2.508134955,-3.122357367,1.21550625,,,,,,,,
7,6,-43.76150226,0.070341402,0.839082936,0.798774269,520.136644,0.076079204,123.0301504,0.860678258,-2.508134955,-3.139979655,1.276281563,,,,,,,,
7,7,-38.25869599,0.070743109,0.834485229,0.794277334,514.9352775,0.075318412,123.6453011,0.862829954,-2.508134955,-3.157757182,1.340095641,,,,,,,,
7,8,-32.79333831,0.071146825,0.829899016,0.78979164,509.7859248,0.074565228,124.2635276,0.864987029,-2.508134955,-3.175691951,1.407100423,,,,,,,,
7,9,-27.36630091,0.071552559,0.825324268,0.785317161,504.6880655,0.073819576,124.8848453,0.867149496,-2.508134955,-3.193786,1.477455444,,,,,,,,
7,10,-21.97854076,0.071960322,0.820760958,0.780853868,499.6411849,0.07308138,125.5092695,0.86931737,-2.508134955,-3.212041403,1.551328216,,,,,,,,
7,11,-16.63110439,0.072370123,0.816209055,0.776401734,494.644773,0.072350566,126.1368158,0.871490663,-2.508134955,-3.230460271,1.628894627,,,,,,,,
7,12,-11.32513255,0.072781974,0.811668533,0.771960729,489.6983253,0.07162706,126.7674999,0.87366939,-2.508134955,-3.24904475,1.710339358,,,,,,,,
7,13,-6.06186501,0.073195884,0.807139361,0.767530827,484.801342,0.07091079,127.4013374,0.875853563,-2.508134955,-3.267797025,1.795856326,,,,,,,,
8,1,113466.8828,0.026987842,0.655407833,0.001,589.7608913,0.08,120,0.85,-0.071890695,-5.751255579,1,,,,,,,,
8,2,15361.80603,0.022284848,0.662046353,0.0060025,595.6585003,0.092,117,0.84575,-0.071890695,-5.751255579,0.95,,,,,,,,
8,3,6745.452103,0.018357848,0.668701469,0.011017506,601.6150853,0.1043,114.075,0.84152125,-0.071890695,-5.751255579,0.9025,,,,,,,,
8,4,3690.242149,0.015078803,0.675373222,0.01604505,607.6312361,0.1169075,111.223125,0.837313644,-0.071890695,-4.48055286,0.857375,,,,,,,,
8,5,2200.623063,0.012340801,0.682061655,0.021085163,613.7075485,0.129830188,108.4425469,0.833127076,-0.071890695,-3.409539493,0.81450625,,,,,,,,
8,6,1357.643877,0.010054569,0.68876681,0.026137876,619.844624,0.143075942,105.7314832,0.82896144,-0.071890695,-2.75044139,0.773780938,,,,,,,,
8,7,837.4454426,0.008145565,0.695488727,0.03120322,626.0430702,0.156652841,103.0881961,0.824816633,-0.071890695,-2.303951137,0.735091891,,,,,,,,
8,8,497.685313,0.006551547,0.702227448,0.036281228,632.3035009,0.170569162,100.5109912,0.82069255,-0.071890695,-1.98148459,0.698337296,,,,,,,,
8,9,266.6202603,0.005220541,0.708983017,0.041371931,638.6265359,0.184833391,97.99821644,0.816589087,-0.071890695,-1.737668327,0.663420431,,,,,,,,
8,10,104.5609971,0.004109152,0.715755475,0.046475361,645.0128013,0.199454226,95.54826103,0.812506142,-0.071890695,-1.546856074,0.63024941,,,,,,,,
9,1,96071.77537,0.02938327,0.701338046,0.001,591.9491547,0.08,120,0.85,1.000819926,80.06559408,1,,,,,,,,
9,2,12984.20678,0.02428503,0.708091391,0.0060025,597.8686462,0.092,117,0.84575,1.000819926,80.06559408,0.95,,,,,,,,
9,3,5684.804154,0.020028,0.71486162,0.011017506,603.8473327,0.1043,114.075,0.84152125,1.000819926,80.06559408,0.9025,,,,,,,,
9,4,3095.262017,0.01647338,0.721648774,0.01604505,609.885806,0.1169075,111.223125,0.837313644,1.000819926,62.37561896,0.857375,,,,,,,,
9,5,1831.727427,0.013505272,0.728452896,0.021085163,615.9846641,0.129830188,108.4425469,0.833127076,1.000819926,47.46560143,0.81450625,,,,,,,,
9,6,1115.924889,0.011026902,0.735274028,0.026137876,622.1445107,0.143075942,105.7314832,0.82896144,1.000819926,38.29002568,0.773780938,,,,,,,,
9,7,673.5643813,0.008957464,0.742112213,0.03120322,628.3659558,0.156652841,103.0881961,0.824816633,1.000819926,32.07425126,0.735091891,,,,,,,,
9,8,384.0842112,0.007229482,0.748967493,0.036281228,634.6496154,0.170569162,100.5109912,0.82069255,1.000819926,27.58506184,0.698337296,,,,,,,,
9,9,186.7147169,0.005786618,0.755839912,0.041371931,640.9961115,0.184833391,97.99821644,0.816589087,1.000819926,24.19079538,0.663420431,,,,,,,,
9,10,47.83404916,0.004581826,0.762729512,0.046475361,647.4060727,0.199454226,95.54826103,0.812506142,1.000819926,21.53441954,0.63024941,,,,,,,,
10,1,530.5020725,0.008889733,0.561305208,0.064271589,601.1326478,0.08,120,0.85,3.448539916,53.65574412,1,,,,,,,,
10,2,384.6930471,0.007172927,0.567708471,0.069432268,607.1439743,0.092,117,0.84575,3.448539916,49.66768382,0.95,,,,,,,,
10,3,273.4544491,0.005739394,0.574127742,0.074605848,613.215414,0.1043,114.075,0.84152125,3.448539916,46.22345291,0.9025,,,,,,,,
10,4,187.5914348,0.004542394,0.580563061,0.079792363,619.3475681,0.1169075,111.223125,0.837313644,3.448539916,43.21892208,0.857375,,,,,,,,
10,5,120.5207296,0.003542899,0.587014469,0.084991844,625.5410438,0.129830188,108.4425469,0.833127076,3.448539916,40.5749512,0.81450625,,,,,,,,
10,6,67.46649521,0.002708321,0.593482005,0.090204323,631.7964543,0.143075942,105.7314832,0.82896144,3.448539916,38.2303174,0.773780938,,,,,,,,
11,1,53.05817629,0.006106233,0.64336325,0.23051488,596.2380117,0.08,120,0.85,12.16101558,52.75588111,1,,,,,,,,
12,1,174.7185307,0,0.447015834,0.007917174,571.9910528,0.08,120,0.85,10.02921105,802.3368838,1,-5,174.7185307,0.447015834,73.10194977,,-5,174.7185307,169.7185307
12,2,220.2552221,5.00E-05,0.443398295,0.005397381,566.2711422,0.0792,120.6,0.852125,10.02921105,802.3368838,1.05,,,,,,,,
12,3,348.1611595,0.00010025,0.439789799,0.002883888,560.6084308,0.078408,121.203,0.854255313,10.02921105,802.3368838,1.1025,,,,,,,,
12,4,937.3586927,0.000150751,0.436190325,0.001,555.0023465,0.07762392,121.809015,0.856390951,10.02921105,802.3368838,1.157625,,,,,,,,
12,5,1195.915562,0.000201505,0.432599849,0.001,549.4523231,0.076847681,122.4180601,0.858531928,10.02921105,802.3368838,1.21550625,,,,,,,,
12,6,1456.648981,0.000252513,0.429018349,0.001,543.9577998,0.076079204,123.0301504,0.860678258,10.02921105,802.3368838,1.276281563,,,,,,,,
12,7,1719.560662,0.000303775,0.425445803,0.001,538.5182218,0.075318412,123.6453011,0.862829954,10.02921105,802.3368838,1.340095641,,,,,,,,
12,8,1984.651471,0.000355294,0.421882189,0.001,533.1330396,0.074565228,124.2635276,0.864987029,10.02921105,802.3368838,1.407100423,,,,,,,,
12,9,2251.921382,0.00040707,0.418327483,0.001,527.8017092,0.073819576,124.8848453,0.867149496,10.02921105,802.3368838,1.477455444,,,,,,,,
12,10,2521.369421,0.000459106,0.414781665,0.001,522.5236921,0.07308138,125.5092695,0.86931737,10.02921105,802.3368838,1.551328216,,,,,,,,
12,11,2792.993611,0.000511401,0.41124471,0.001,517.2984552,0.072350566,126.1368158,0.871490663,10.02921105,802.3368838,1.628894627,,,,,,,,
12,12,3066.79092,0.000563958,0.407716599,0.001,512.1254706,0.07162706,126.7674999,0.87366939,10.02921105,802.3368838,1.710339358,,,,,,,,
12,13,3342.757196,0.000616778,0.404197307,0.001,507.0042159,0.07091079,127.4013374,0.875853563,10.02921105,802.3368838,1.795856326,,,,,,,,
12,14,3620.887108,0.000669862,0.400686814,0.001,501.9341738,0.070201682,128.0383441,0.878043197,10.02921105,802.3368838,1.885649142,,,,,,,,
12,15,3901.174075,0.000723211,0.397185097,0.001,496.914832,0.069499665,128.6785358,0.880238305,10.02921105,802.3368838,1.979931599,,,,,,,,
12,16,4183.610201,0.000776827,0.393692134,0.001,491.9456837,0.068804668,129.3219285,0.882438901,10.02921105,802.3368838,2.078928179,,,,,,,,
12,17,4468.186198,0.000830712,0.390207904,0.001,487.0262269,0.068116622,129.9685382,0.884644998,10.02921105,802.3368838,2.182874588,,,,,,,,
12,18,4754.891313,0.000884865,0.386732384,0.001,482.1559646,0.067435455,130.6183808,0.886856611,10.02921105,802.3368838,2.292018318,,,,,,,,
12,19,5043.713243,0.000939289,0.383265553,0.001,477.334405,0.066761101,131.2714727,0.889073752,10.02921105,802.3368838,2.406619234,,,,,,,,
12,20,5334.638053,0.000993986,0.379807389,0.001,472.5610609,0.06609349,131.9278301,0.891296437,10.02921105,802.3368838,2.526950195,,,,,,,,
13,1,255.9719827,0,0.356350185,0.001,576.3344877,0.08,120,0.85,8.667766512,693.421321,1,,,,,,,,
13,2,543.1143135,5.00E-05,0.352959309,0.001,570.5711428,0.0792,120.6,0.852125,8.667766512,693.421321,1.05,,,,,,,,
13,3,832.7185504,0.00010025,0.349576911,0.001,564.8654314,0.078408,121.203,0.854255313,8.667766512,693.421321,1.1025,,,,,,,,
13,4,1124.788112,0.000150751,0.346202969,0.001,559.2167771,0.07762392,121.809015,0.856390951,8.667766512,693.421321,1.157625,,,,,,,,
13,5,1419.325545,0.000201505,0.342837462,0.001,553.6246093,0.076847681,122.4180601,0.858531928,8.667766512,693.421321,1.21550625,,,,,,,,
13,6,1716.332475,0.000252513,0.339480368,0.001,548.0883632,0.076079204,123.0301504,0.860678258,8.667766512,693.421321,1.276281563,,,,,,,,
13,7,2015.809551,0.000303775,0.336131667,0.001,542.6074796,0.075318412,123.6453011,0.862829954,8.667766512,693.421321,1.340095641,,,,,,,,
13,8,2317.756392,0.000355294,0.332791338,0.001,537.1814048,0.074565228,124.2635276,0.864987029,8.667766512,693.421321,1.407100423,,,,,,,,
13,9,2622.171521,0.00040707,0.329459359,0.001,531.8095907,0.073819576,124.8848453,0.867149496,8.667766512,693.421321,1.477455444,,,,,,,,
13,10,2929.052311,0.000459106,0.326135711,0.001,526.4914948,0.07308138,125.5092695,0.86931737,8.667766512,693.421321,1.551328216,,,,,,,,
13,11,3238.39491,0.000511401,0.322820372,0.001,521.2265799,0.072350566,126.1368158,0.871490663,8.667766512,693.421321,1.628894627,,,,,,,,
13,12,3550.194181,0.000563958,0.319513321,0.001,516.0143141,0.07162706,126.7674999,0.87366939,8.667766512,693.421321,1.710339358,,,,,,,,
13,13,3864.443623,0.000616778,0.316214538,0.001,510.8541709,0.07091079,127.4013374,0.875853563,8.667766512,693.421321,1.795856326,,,,,,,,
13,14,4181.135297,0.000669862,0.312924001,0.001,505.7456292,0.070201682,128.0383441,0.878043197,8.667766512,693.421321,1.885649142,,,,,,,,
13,15,4500.259746,0.000723211,0.309641691,0.001,500.6881729,0.069499665,128.6785358,0.880238305,8.667766512,693.421321,1.979931599,,,,,,,,
13,16,4821.80591,0.000776827,0.306367587,0.001,495.6812912,0.068804668,129.3219285,0.882438901,8.667766512,693.421321,2.078928179,,,,,,,,
13,17,5145.761041,0.000830712,0.303101668,0.001,490.7244783,0.068116622,129.9685382,0.884644998,8.667766512,693.421321,2.182874588,,,,,,,,
13,18,5472.110603,0.000884865,0.299843914,0.001,485.8172335,0.067435455,130.6183808,0.886856611,8.667766512,693.421321,2.292018318,,,,,,,,
13,19,5800.838181,0.000939289,0.296594304,0.001,480.9590612,0.066761101,131.2714727,0.889073752,8.667766512,693.421321,2.406619234,,,,,,,,
13,20,6131.925378,0.000993986,0.293352818,0.001,476.1494705,0.06609349,131.9278301,0.891296437,8.667766512,693.421321,2.526950195,,,,,,,,
14,1,691.7669727,0.025747111,0.531055901,0.085921325,589.9596813,0.08,120,0.85,1.173813185,13.6614884,1,,,,,,,,
14,2,542.6938597,0.021248837,0.53738354,0.091136128,595.8592781,0.092,117,0.84575,1.173813185,12.87977892,0.95,,,,,,,,
14,3,426.0781777,0.017492779,0.543726999,0.096363969,601.8178708,0.1043,114.075,0.84152125,1.173813185,12.18103822,0.9025,,,,,,,,
14,4,334.1405108,0.014356471,0.550086317,0.101604879,607.8360496,0.1169075,111.223125,0.837313644,1.173813185,11.55272465,0.857375,,,,,,,,
14,5,261.0536064,0.011737653,0.556461533,0.106858891,613.9144101,0.129830188,108.4425469,0.833127076,1.173813185,10.98470306,0.81450625,,,,,,,,
14,6,202.4209891,0.00955094,0.562852686,0.112126038,620.0535542,0.143075942,105.7314832,0.82896144,1.173813185,10.46869403,0.773780938,,,,,,,,
14,7,154.9046302,0.007725035,0.569259818,0.117406353,626.2540897,0.156652841,103.0881961,0.824816633,1.173813185,9.997867696,0.735091891,,,,,,,,
14,8,115.9559399,0.006200404,0.575682968,0.122699869,632.5166306,0.170569162,100.5109912,0.82069255,1.173813185,9.56653984,0.698337296,,,,,,,,
14,9,83.6194001,0.004927338,0.582122175,0.128006619,638.8417969,0.184833391,97.99821644,0.816589087,1.173813185,9.169941346,0.663420431,,,,,,,,
14,10,56.38790671,0.003864327,0.58857748,0.133326635,645.2302149,0.199454226,95.54826103,0.812506142,1.173813185,8.804041167,0.63024941,,,,,,,,
14,11,33.09533731,0.002976713,0.595048924,0.138659952,651.682517,0.214440581,93.1595545,0.808443611,1.173813185,8.465408864,0.598736939,,,,,,,,
15,1,7870.232909,0.024741396,0.950612073,0.001,546.3022222,0.08,120,0.85,-1.676760766,-134.1408613,1,,,,,,,,
15,2,1161.020549,0.020409065,0.957988603,0.0060025,551.7652445,0.092,117,0.84575,-1.676760766,-134.1408613,0.95,,,,,,,,
15,3,565.2815963,0.01679157,0.965383574,0.011017506,557.2828969,0.1043,114.075,0.84152125,-1.676760766,-134.1408613,0.9025,,,,,,,,
15,4,349.1898585,0.013770961,0.972797033,0.01604505,562.8557259,0.1169075,111.223125,0.837313644,-1.676760766,-104.5033057,0.857375,,,,,,,,
15,5,239.7775623,0.011248752,0.980229026,0.021085163,568.4842831,0.129830188,108.4425469,0.833127076,-1.676760766,-79.52325505,0.81450625,,,,,,,,
15,6,174.2660631,0.009142708,0.987679598,0.026137876,574.169126,0.143075942,105.7314832,0.82896144,-1.676760766,-64.15061406,0.773780938,,,,,,,,
15,7,130.5321128,0.007384161,0.995148797,0.03120322,579.9108172,0.156652841,103.0881961,0.824816633,-1.676760766,-53.73678594,0.735091891,,,,,,,,
15,8,98.69125374,0.005915775,1,0.036281228,585.7099254,0.170569162,100.5109912,0.82069255,-1.676760766,-46.21565602,0.698337296,,,,,,,,
15,9,73.7081208,0.004689672,1,0.041371931,591.5670247,0.184833391,97.99821644,0.816589087,-1.676760766,-40.52894587,0.663420431,,,,,,,,
16,1,323.9155341,0.028206763,0.83604888,0.686354379,852.84375,0.08,120,0.85,-17.06080481,-24.85713699,1,,,,,,,,
16,2,315.2117001,0.023302647,0.843139002,0.693070265,861.3721875,0.092,117,0.84575,-17.06080481,-24.61627007,0.95,,,,,,,,
16,3,306.2229815,0.01920771,0.85024685,0.69980294,869.9859094,0.1043,114.075,0.84152125,-17.06080481,-24.37944145,0.9025,,,,,,,,
16,4,296.8381414,0.015788438,0.857372467,0.706552448,878.6857685,0.1169075,111.223125,0.837313644,-17.06080481,-24.14655114,0.857375,,,,,,,,
16,5,286.968819,0.012933346,0.864515898,0.713318829,887.4726262,0.129830188,108.4425469,0.833127076,-17.06080481,-23.91750242,0.81450625,,,,,,,,
16,6,276.5451779,0.010549344,0.871677188,0.720102126,896.3473524,0.143075942,105.7314832,0.82896144,-17.06080481,-23.6922017,0.773780938,,,,,,,,
16,7,265.5123432,0.008558702,0.878856381,0.726902381,905.3108259,0.156652841,103.0881961,0.824816633,-17.06080481,-23.47055843,0.735091891,,,,,,,,
16,8,253.827485,0.006896516,0.886053521,0.733719637,914.3639342,0.170569162,100.5109912,0.82069255,-17.06080481,-23.25248494,0.698337296,,,,,,,,
16,9,241.4574329,0.005508591,0.893268655,0.740553936,923.5075735,0.184833391,97.99821644,0.816589087,-17.06080481,-23.03789633,0.663420431,,,,,,,,
16,10,228.3767252,0.004349674,0.900501827,0.747405321,932.7426493,0.199454226,95.54826103,0.812506142,-17.06080481,-22.8267104,0.63024941,,,,,,,,
16,11,214.5660149,0.003381977,0.907753082,0.754273834,942.0700758,0.214440581,93.1595545,0.808443611,-17.06080481,-22.61884747,0.598736939,,,,,,,,
16,12,200.0107679,0.002573951,0.915022464,0.761159519,951.4907765,0.229801596,90.83056564,0.804401393,-17.06080481,-22.41423038,0.568800092,,,,,,,,
16,13,184.7002014,0.001899249,0.92231002,0.768062418,961.0056843,0.245546636,88.5598015,0.800379386,-17.06080481,-22.2127843,0.540360088,,,,,,,,
16,14,168.6264177,0.001335873,0.929615795,0.774982574,970.6157411,0.261685302,86.34580646,0.796377489,-17.06080481,-22.0144367,0.513342083,,,,,,,,
16,15,151.7836997,0.000865454,0.936939835,0.78192003,980.3218985,0.278227434,84.1871613,0.792395602,-17.06080481,-21.81911724,0.487674979,,,,,,,,
16,16,134.1679377,0.000472654,0.944282184,0.78887483,990.1251175,0.29518312,82.08248227,0.788433623,-17.06080481,-21.6267577,0.46329123,,,,,,,,
16,17,115.7761645,0.000144666,0.95164289,0.795847017,1000.026369,0.312562698,80.03042021,0.784491455,-17.06080481,-21.43729189,0.440126669,,,,,,,,
16,18,96.69143239,0,0.959021997,0.802836635,1010.026632,0.330376765,78.02965971,0.780568998,-17.06080481,-21.25065558,0.418120335,,,,,,,,
16,19,76.88917142,0,0.966419552,0.809843727,1020.126899,0.348636184,76.07891821,0.776666153,-17.06080481,-21.06678641,0.397214318,,,,,,,,
16,20,56.27718727,0,0.973835601,0.816868336,1030.328168,0.367352089,74.17694526,0.772782822,-17.06080481,-20.88562387,0.377353603,,,,,,,,
17,1,858.9326728,0,0.572718154,0.174523571,805.9532594,0.08,120,0.85,3.156482368,18.08628116,1,,,,,,,,
17,2,851.0136349,0,0.57914995,0.17995988,814.012792,0.092,117,0.84575,3.156482368,17.53992265,0.95,,,,,,,,
17,3,841.8869278,0,0.585597825,0.185409779,822.1529199,0.1043,114.075,0.84152125,3.156482368,17.02435751,0.9025,,,,,,,,
17,4,831.5822911,0,0.592061819,0.190873304,830.3744491,0.1169075,111.223125,0.837313644,3.156482368,16.53705524,0.857375,,,,,,,,
17,5,820.1271547,0,0.598541974,0.196350487,838.6781936,0.129830188,108.4425469,0.833127076,3.156482368,16.07575523,0.81450625,,,,,,,,
17,6,807.5467363,0,0.605038329,0.201841363,847.0649755,0.143075942,105.7314832,0.82896144,3.156482368,15.63843167,0.773780938,,,,,,,,
17,7,793.8641341,0,0.611550925,0.207345967,855.5356253,0.156652841,103.0881961,0.824816633,3.156482368,15.2232639,0.735091891,,,,,,,,
17,8,779.1004141,0,0.618079802,0.212864332,864.0909816,0.170569162,100.5109912,0.82069255,3.156482368,14.828611,0.698337296,,,,,,,,
17,9,763.2746929,0,0.624625001,0.218396492,872.7318914,0.184833391,97.99821644,0.816589087,3.156482368,14.45299022,0.663420431,,,,,,,,
17,10,746.4042154,0,0.631186564,0.223942484,881.4592103,0.199454226,95.54826103,0.812506142,3.156482368,14.09505832,0.63024941,,,,,,,,
17,11,728.5044285,0,0.63776453,0.22950234,890.2738024,0.214440581,93.1595545,0.808443611,3.156482368,13.75359559,0.598736939,,,,,,,,
17,12,709.5890504,0,0.644358942,0.235076096,899.1765404,0.229801596,90.83056564,0.804401393,3.156482368,13.42749189,0.568800092,,,,,,,,
17,13,689.6701357,0,0.650969839,0.240663786,908.1683058,0.245546636,88.5598015,0.800379386,3.156482368,13.1157347,0.540360088,,,,,,,,
17,14,668.7581373,0,0.657597264,0.246265445,917.2499889,0.261685302,86.34580646,0.796377489,3.156482368,12.81739857,0.513342083,,,,,,,,
17,15,646.861964,0,0.664241257,0.251881109,926.4224888,0.278227434,84.1871613,0.792395602,3.156482368,12.53163598,0.487674979,,,,,,,,
17,16,623.9890348,0,0.67090186,0.257510812,935.6867136,0.29518312,82.08248227,0.788433623,3.156482368,12.25766929,0.46329123,,,,,,,,
17,17,600.1453303,0,0.677579115,0.263154589,945.0435808,0.312562698,80.03042021,0.784491455,3.156482368,11.99478368,0.440126669,,,,,,,,
17,18,575.33544,0,0.684273062,0.268812475,954.4940166,0.330376765,78.02965971,0.780568998,3.156482368,11.74232098,0.418120335,,,,,,,,
17,19,549.5626078,0,0.690983745,0.274484506,964.0389568,0.348636184,76.07891821,0.776666153,3.156482368,11.49967409,0.397214318,,,,,,,,
17,20,522.8287734,0,0.697711204,0.280170718,973.6793463,0.367352089,74.17694526,0.772782822,3.156482368,11.26628219,0.377353603,,,,,,,,
18,1,514.8177579,0.012535193,0.806500762,0.618080244,575.2137166,0.08,120,0.85,-15.69502296,-25.39318012,1,,,,,,,,
18,2,502.7973747,0.010216886,0.813517014,0.624625444,580.9658538,0.092,117,0.84575,-15.69502296,-25.12709512,0.95,,,,,,,,
18,3,491.4768544,0.0082811,0.820550806,0.631187008,586.7755123,0.1043,114.075,0.84152125,-15.69502296,-24.86588405,0.9025,,,,,,,,
18,4,480.6166087,0.006664718,0.827602183,0.637764976,592.6432674,0.1169075,111.223125,0.837313644,-15.69502296,-24.609415,0.857375,,,,,,,,
18,5,470.0217974,0.00531504,0.834671189,0.644359388,598.5697001,0.129830188,108.4425469,0.833127076,-15.69502296,-24.35756078,0.81450625,,,,,,,,
18,6,459.5341171,0.004188058,0.841757867,0.650970286,604.5553971,0.143075942,105.7314832,0.82896144,-15.69502296,-24.11019871,0.773780938,,,,,,,,
18,7,449.0250733,0.003247029,0.848862261,0.657597712,610.6009511,0.156652841,103.0881961,0.824816633,-15.69502296,-23.86721041,0.735091891,,,,,,,,
18,8,438.3904673,0.002461269,0.855984417,0.664241706,616.7069606,0.170569162,100.5109912,0.82069255,-15.69502296,-23.62848163,0.698337296,,,,,,,,
18,9,427.5458799,0.001805159,0.863124378,0.670902311,622.8740302,0.184833391,97.99821644,0.816589087,-15.69502296,-23.39390207,0.663420431,,,,,,,,
18,10,416.4229716,0.001257308,0.870282189,0.677579566,629.1027705,0.199454226,95.54826103,0.812506142,-15.69502296,-23.16336521,0.63024941,,,,,,,,
18,11,404.966452,0.000799852,0.877457894,0.684273515,635.3937982,0.214440581,93.1595545,0.808443611,-15.69502296,-22.93676813,0.598736939,,,,,,,,
18,12,393.1315973,0.000417877,0.884651539,0.690984199,641.7477362,0.229801596,90.83056564,0.804401393,-15.69502296,-22.71401137,0.568800092,,,,,,,,
18,13,380.8822183,9.89E-05,0.891863168,0.69771166,648.1652135,0.245546636,88.5598015,0.800379386,-15.69502296,-22.49499882,0.540360088,,,,,,,,
18,14,368.6350326,0,0.899092826,0.704455939,654.6468657,0.261685302,86.34580646,0.796377489,-15.69502296,-22.27963751,0.513342083,,,,,,,,
18,15,356.0516853,0,0.906340558,0.711217079,661.1933343,0.278227434,84.1871613,0.792395602,-15.69502296,-22.06783755,0.487674979,,,,,,,,
18,16,342.869614,0,0.913606409,0.717995121,667.8052677,0.29518312,82.08248227,0.788433623,-15.69502296,-21.85951198,0.46329123,,,,,,,,
18,17,329.0928877,0,0.920890425,0.724790109,674.4833204,0.312562698,80.03042021,0.784491455,-15.69502296,-21.65457663,0.440126669,,,,,,,,
18,18,314.7247531,0,0.928192652,0.731602084,681.2281536,0.330376765,78.02965971,0.780568998,-15.69502296,-21.45295003,0.418120335,,,,,,,,
18,19,299.767661,0,0.935513133,0.73843109,688.0404351,0.348636184,76.07891821,0.776666153,-15.69502296,-21.25455331,0.397214318,,,,,,,,
18,20,284.223291,0,0.942851916,0.745277167,694.9208394,0.367352089,74.17694526,0.772782822,-15.69502296,-21.05931007,0.377353603,,,,,,,,
19,1,-40.98021889,0.070191413,0.254220936,0.053063193,544.1131929,0.08,120,0.85,-1.139763974,-21.47937017,1,,,,,,,,
20,1,2333.899517,0.050299507,0.667605634,0.007746479,618.0691788,0.08,120,0.85,1.93575925,154.86074,1,,,,,,,,
20,2,1098.910613,0.041750089,0.674274648,0.012765845,624.2498706,0.092,117,0.84575,1.93575925,151.6358094,0.95,,,,,,,,
20,3,586.4472363,0.034611324,0.680960335,0.01779776,630.4923693,0.1043,114.075,0.84152125,1.93575925,108.7642088,0.9025,,,,,,,,
20,4,315.5601982,0.028650456,0.687662735,0.022842254,636.797293,0.1169075,111.223125,0.837313644,1.93575925,84.7446685,0.857375,,,,,,,,
20,5,152.6313008,0.02367313,0.694381892,0.02789936,643.165266,0.129830188,108.4425469,0.833127076,1.93575925,69.38364427,0.81450625,,,,,,,,
21,1,132.2175478,0,0.797426318,0.736405147,581.9621207,0.08,120,0.85,-5.792174104,-7.86547205,1,,,,,,,,
21,2,127.9694757,0,0.804419884,0.74324616,587.7817419,0.092,117,0.84575,-5.792174104,-7.793076391,0.95,,,,,,,,
21,3,123.2829215,0,0.811430933,0.750104276,593.6595593,0.1043,114.075,0.84152125,-5.792174104,-7.721825207,0.9025,,,,,,,,
21,4,118.1693295,0,0.818459511,0.756979536,599.5961549,0.1169075,111.223125,0.837313644,-5.792174104,-7.651691791,0.857375,,,,,,,,
21,5,112.6392905,0,0.82550566,0.763871985,605.5921164,0.129830188,108.4425469,0.833127076,-5.792174104,-7.582650256,0.81450625,,,,,,,,
21,6,106.7025796,0,0.832569424,0.770781665,611.6480376,0.143075942,105.7314832,0.82896144,-5.792174104,-7.514675512,0.773780938,,,,,,,,
21,7,100.3681914,0,0.839650847,0.777708619,617.764518,0.156652841,103.0881961,0.824816633,-5.792174104,-7.447743229,0.735091891,,,,,,,,
21,8,93.64437373,0,0.846749974,0.784652891,623.9421632,0.170569162,100.5109912,0.82069255,-5.792174104,-7.381829815,0.698337296,,,,,,,,
21,9,86.5386589,0,0.853866849,0.791614523,630.1815848,0.184833391,97.99821644,0.816589087,-5.792174104,-7.31691238,0.663420431,,,,,,,,
21,10,79.05789395,0,0.861001516,0.798593559,636.4834006,0.199454226,95.54826103,0.812506142,-5.792174104,-7.252968717,0.63024941,,,,,,,,
21,11,71.20826869,0,0.86815402,0.805590043,642.8482347,0.214440581,93.1595545,0.808443611,-5.792174104,-7.189977275,0.598736939,,,,,,,,
21,12,62.99534236,0,0.875324405,0.812604018,649.276717,0.229801596,90.83056564,0.804401393,-5.792174104,-7.127917131,0.568800092,,,,,,,,
21,13,54.42406877,0,0.882512716,0.819635528,655.7694842,0.245546636,88.5598015,0.800379386,-5.792174104,-7.066767975,0.540360088,,,,,,,,
21,14,45.49881991,0,0.889718998,0.826684617,662.327179,0.261685302,86.34580646,0.796377489,-5.792174104,-7.00651008,0.513342083,,,,,,,,
21,15,36.22340833,0,0.896943296,0.833751329,668.9504508,0.278227434,84.1871613,0.792395602,-5.792174104,-6.947124285,0.487674979,,,,,,,,
21,16,26.60110803,0,0.904185654,0.840835707,675.6399553,0.29518312,82.08248227,0.788433623,-5.792174104,-6.888591974,0.46329123,,,,,,,,
21,17,16.63467428,0,0.911446118,0.847937796,682.3963549,0.312562698,80.03042021,0.784491455,-5.792174104,-6.830895059,0.440126669,,,,,,,,
21,18,6.326362125,0,0.918724733,0.855057641,689.2203184,0.330376765,78.02965971,0.780568998,-5.792174104,-6.774015957,0.418120335,,,,,,,,
21,19,-4.322056181,0,0.926021545,0.862195285,696.1125216,0.348636184,76.07891821,0.776666153,-5.792174104,-6.717937577,0.397214318,,,,,,,,
22,1,153.3683702,0,0.755119953,0.162668227,567.8998144,0.08,120,0.85,-7.849033643,-48.25179315,1,,,,,,,,
22,2,149.0934334,0,0.762007753,0.168074898,573.5788125,0.092,117,0.84575,-7.849033643,-46.69961877,0.95,,,,,,,,
22,3,144.36292,0,0.768912772,0.173495085,579.3146007,0.1043,114.075,0.84152125,-7.849033643,-45.24066863,0.9025,,,,,,,,
22,4,139.188279,0,0.775835054,0.178928823,585.1077467,0.1169075,111.223125,0.837313644,-7.849033643,-43.86679312,0.857375,,,,,,,,
22,5,133.5800907,0,0.782774642,0.184376145,590.9588241,0.129830188,108.4425469,0.833127076,-7.849033643,-42.57076565,0.81450625,,,,,,,,
22,6,127.548105,0,0.789731579,0.189837085,596.8684124,0.143075942,105.7314832,0.82896144,-7.849033643,-41.34615554,0.773780938,,,,,,,,
22,7,121.1012765,0,0.796705908,0.195311678,602.8370965,0.156652841,103.0881961,0.824816633,-7.849033643,-40.18722145,0.735091891,,,,,,,,
22,8,114.2477984,0,0.803697672,0.200799957,608.8654675,0.170569162,100.5109912,0.82069255,-7.849033643,-39.08882136,0.698337296,,,,,,,,
22,9,106.9951341,0,0.810706917,0.206301957,614.9541221,0.184833391,97.99821644,0.816589087,-7.849033643,-38.04633638,0.663420431,,,,,,,,
22,10,99.35004728,0,0.817733684,0.211817712,621.1036634,0.199454226,95.54826103,0.812506142,-7.849033643,-37.05560589,0.63024941,,,,,,,,
22,11,91.31863022,0,0.824778018,0.217347256,627.3147,0.214440581,93.1595545,0.808443611,-7.849033643,-36.11287204,0.598736939,,,,,,,,
22,12,82.90633048,0,0.831839963,0.222890624,633.587847,0.229801596,90.83056564,0.804401393,-7.849033643,-35.21473223,0.568800092,,,,,,,,
22,13,74.11797609,0,0.838919563,0.228447851,639.9237255,0.245546636,88.5598015,0.800379386,-7.849033643,-34.35809801,0.540360088,,,,,,,,
22,14,64.95779926,0,0.846016862,0.23401897,646.3229627,0.261685302,86.34580646,0.796377489,-7.849033643,-33.54015973,0.513342083,,,,,,,,
22,15,55.42945871,0,0.853131904,0.239604018,652.7861924,0.278227434,84.1871613,0.792395602,-7.849033643,-32.75835572,0.487674979,,,,,,,,
22,16,45.53606068,0,0.860264734,0.245203028,659.3140543,0.29518312,82.08248227,0.788433623,-7.849033643,-32.01034553,0.46329123,,,,,,,,
22,17,35.28017867,0,0.867415396,0.250816035,665.9071948,0.312562698,80.03042021,0.784491455,-7.849033643,-31.29398658,0.440126669,,,,,,,,
22,18,24.663872,0,0.874583934,0.256443075,672.5662668,0.330376765,78.02965971,0.780568998,-7.849033643,-30.60731365,0.418120335,,,,,,,,
22,19,13.68870317,0,0.881770394,0.262084183,679.2919294,0.348636184,76.07891821,0.776666153,-7.849033643,-29.94852093,0.397214318,,,,,,,,
22,20,2.355754196,0,0.88897482,0.267739394,686.0848487,0.367352089,74.17694526,0.772782822,-7.849033643,-29.31594615,0.377353603,,,,,,,,
23,1,52.24975323,0.012965503,0.912462908,0.847181009,568.8343697,0.08,120,0.85,-6.514527549,-7.689652483,1,,,,,,,,
23,2,42.29942919,0.010576195,0.919744065,0.854298961,574.5227134,0.092,117,0.84575,-6.514527549,-7.625582897,0.95,,,,,,,,
23,3,32.93727704,0.008581123,0.927043425,0.861434709,580.2679405,0.1043,114.075,0.84152125,-6.514527549,-7.562415912,0.9025,,,,,,,,
23,4,24.00825847,0.006915238,0.934361034,0.868588296,586.0706199,0.1169075,111.223125,0.837313644,-6.514527549,-7.500132781,0.857375,,,,,,,,
23,5,15.38538605,0.005524224,0.941696937,0.875759766,591.9313261,0.129830188,108.4425469,0.833127076,-6.514527549,-7.438715273,0.81450625,,,,,,,,
23,6,6.964682028,0.004362727,0.949051179,0.882949166,597.8506394,0.143075942,105.7314832,0.82896144,-6.514527549,-7.378145653,0.773780938,,,,,,,,
23,7,-1.338966794,0.003392877,0.956423807,0.890156539,603.8291458,0.156652841,103.0881961,0.824816633,-6.514527549,-7.318406669,0.735091891,,,,,,,,
23,8,-9.595217198,0.002583052,0.963814866,0.89738193,609.8674372,0.170569162,100.5109912,0.82069255,-6.514527549,-7.259481533,0.698337296,,,,,,,,
24,1,88.89574871,0.002809725,0.785478548,0.749174917,555.1003865,0.08,120,0.85,-8.389302159,-11.1980553,1,,,,,,,,
24,2,86.21594876,0.00209612,0.792442244,0.756047855,560.6513904,0.092,117,0.84575,-8.389302159,-11.09625813,0.95,,,,,,,,
24,3,83.15578469,0.001500261,0.79942335,0.762937974,566.2579043,0.1043,114.075,0.84152125,-8.389302159,-10.99604744,0.9025,,,,,,,,
24,4,79.71356316,0.001002718,0.806421908,0.769845319,571.9204833,0.1169075,111.223125,0.837313644,-8.389302159,-10.89738672,0.857375,,,,,,,,
24,5,75.8894466,0.000587269,0.813437963,0.776769933,577.6396882,0.129830188,108.4425469,0.833127076,-8.389302159,-10.80024059,0.81450625,,,,,,,,
24,6,71.68499774,0.00024037,0.820471558,0.783711857,583.416085,0.143075942,105.7314832,0.82896144,-8.389302159,-10.70457475,0.773780938,,,,,,,,
24,7,67.13267552,0,0.827522737,0.790671137,589.2502459,0.156652841,103.0881961,0.824816633,-8.389302159,-10.61035589,0.735091891,,,,,,,,
24,8,62.32020375,0,0.834591544,0.797647815,595.1427484,0.170569162,100.5109912,0.82069255,-8.389302159,-10.51755173,0.698337296,,,,,,,,
24,9,57.10967941,0,0.841678022,0.804641935,601.0941758,0.184833391,97.99821644,0.816589087,-8.389302159,-10.42613093,0.663420431,,,,,,,,
24,10,51.5101129,0,0.848782218,0.811653539,607.1051176,0.199454226,95.54826103,0.812506142,-8.389302159,-10.33606305,0.63024941,,,,,,,,
24,11,45.52979228,0,0.855904173,0.818682673,613.1761688,0.214440581,93.1595545,0.808443611,-8.389302159,-10.24731857,0.598736939,,,,,,,,
24,12,39.17631398,0,0.863043934,0.82572938,619.3079305,0.229801596,90.83056564,0.804401393,-8.389302159,-10.15986879,0.568800092,,,,,,,,
24,13,32.45661174,0,0.870201543,0.832793703,625.5010098,0.245546636,88.5598015,0.800379386,-8.389302159,-10.07368587,0.540360088,,,,,,,,
24,14,25.37698401,0,0.877377047,0.839875688,631.7560199,0.261685302,86.34580646,0.796377489,-8.389302159,-9.988742718,0.513342083,,,,,,,,
24,15,17.94311978,0,0.88457049,0.846975377,638.0735801,0.278227434,84.1871613,0.792395602,-8.389302159,-9.905013048,0.487674979,,,,,,,,
24,16,10.16012297,0,0.891781916,0.854092815,644.4543159,0.29518312,82.08248227,0.788433623,-8.389302159,-9.822471292,0.46329123,,,,,,,,
24,17,2.032535428,0,0.899011371,0.861228047,650.898859,0.312562698,80.03042021,0.784491455,-8.389302159,-9.7410926,0.440126669,,,,,,,,
24,18,-6.435641429,0,0.906258899,0.868381117,657.4078476,0.330376765,78.02965971,0.780568998,-8.389302159,-9.66085281,0.418120335,,,,,,,,
25,1,12.3713353,0.00094246,0.724478983,0.158954433,562.1363576,0.08,120,0.85,-6.277320922,-39.4913234,1,,,,,,,,
25,2,6.508645703,0.000536954,0.73129018,0.164351819,567.7577211,0.092,117,0.84575,-6.277320922,-38.19441095,0.95,,,,,,,,
25,3,0.449113049,0.000198357,0.738118406,0.169762699,573.4352984,0.1043,114.075,0.84152125,-6.277320922,-36.97703306,0.9025,,,,,,,,
25,4,-5.744562668,0,0.744963702,0.175187105,579.1696513,0.1169075,111.223125,0.837313644,-6.277320922,-35.83209452,0.857375,,,,,,,,
25,5,-12.03167698,0,0.751826111,0.180625073,584.9613479,0.129830188,108.4425469,0.833127076,-6.277320922,-34.75331974,0.81450625,,,,,,,,
26,1,126.0629364,0,0.786214953,0.317367601,552.5748018,0.08,120,0.85,-3.839890235,-12.09918788,1,,,,,,,,
26,2,123.8041534,0,0.793180491,0.32316102,558.1005498,0.092,117,0.84575,-3.839890235,-11.88228157,0.95,,,,,,,,
26,3,121.0542026,0,0.800163442,0.328968923,563.6815553,0.1043,114.075,0.84152125,-3.839890235,-11.67250147,0.9025,,,,,,,,
26,4,117.8280272,0,0.80716385,0.334791345,569.3183708,0.1169075,111.223125,0.837313644,-3.839890235,-11.4695027,0.857375,,,,,,,,
26,5,114.1395646,0,0.81418176,0.340628323,575.0115546,0.129830188,108.4425469,0.833127076,-3.839890235,-11.27296226,0.81450625,,,,,,,,
26,6,110.0017916,0,0.821217215,0.346479894,580.7616701,0.143075942,105.7314832,0.82896144,-3.839890235,-11.08257737,0.773780938,,,,,,,,
26,7,105.4267678,0,0.828270258,0.352346094,586.5692868,0.156652841,103.0881961,0.824816633,-3.839890235,-10.89806387,0.735091891,,,,,,,,
26,8,100.4256764,0,0.835340933,0.358226959,592.4349797,0.170569162,100.5109912,0.82069255,-3.839890235,-10.71915482,0.698337296,,,,,,,,
26,9,95.00886278,0,0.842429286,0.364122527,598.3593295,0.184833391,97.99821644,0.816589087,-3.839890235,-10.54559923,0.663420431,,,,,,,,
26,10,89.18587101,0,0.849535359,0.370032833,604.3429228,0.199454226,95.54826103,0.812506142,-3.839890235,-10.37716087,0.63024941,,,,,,,,
26,11,82.96547854,0,0.856659197,0.375957915,610.386352,0.214440581,93.1595545,0.808443611,-3.839890235,-10.21361722,0.598736939,,,,,,,,
26,12,76.35572877,0,0.863800845,0.38189781,616.4902155,0.229801596,90.83056564,0.804401393,-3.839890235,-10.05475846,0.568800092,,,,,,,,
26,13,69.36396195,0,0.870960347,0.387852554,622.6551177,0.245546636,88.5598015,0.800379386,-3.839890235,-9.900386609,0.540360088,,,,,,,,
26,14,61.99684433,0,0.878137748,0.393822186,628.8816688,0.261685302,86.34580646,0.796377489,-3.839890235,-9.750314671,0.513342083,,,,,,,,
26,15,54.26039571,0,0.885333092,0.399806741,635.1704855,0.278227434,84.1871613,0.792395602,-3.839890235,-9.604365909,0.487674979,,,,,,,,
26,16,46.16001534,0,0.892546425,0.405806258,641.5221904,0.29518312,82.08248227,0.788433623,-3.839890235,-9.462373138,0.46329123,,,,,,,,
26,17,37.70050649,0,0.899777791,0.411820774,647.9374123,0.312562698,80.03042021,0.784491455,-3.839890235,-9.32417809,0.440126669,,,,,,,,
26,18,28.88609946,0,0.907027236,0.417850326,654.4167864,0.330376765,78.02965971,0.780568998,-3.839890235,-9.189630831,0.418120335,,,,,,,,
26,19,19.72047336,0,0.914294804,0.423894951,660.9609543,0.348636184,76.07891821,0.776666153,-3.839890235,-9.058589215,0.397214318,,,,,,,,
26,20,10.20677652,0,0.921580541,0.429954689,667.5705638,0.367352089,74.17694526,0.772782822,-3.839890235,-8.930918385,0.377353603,,,,,,,,
27,1,-14.57568279,0.017794213,0.963150289,0.490245665,566.8319296,0.08,120,0.85,-4.211491862,-8.59057441,1,,,,,,,,
28,1,-95.77608348,0.095990034,0.687609075,0.666666667,595.7280508,0.08,120,0.85,-5.599179115,-8.398768673,1,,,,,,,,
28,2,-92.34445226,0.096519984,0.683390052,0.6625,589.7707702,0.0792,120.6,0.852125,-5.599179115,-8.451591117,1.05,,,,,,,,
28,3,-89.10522648,0.097052584,0.679181577,0.65834375,583.8730625,0.078408,121.203,0.854255313,-5.599179115,-8.504947628,1.1025,,,,,,,,
28,4,-86.06538469,0.097587847,0.674983623,0.654197891,578.0343319,0.07762392,121.809015,0.856390951,-5.599179115,-8.558846177,1.157625,,,,,,,,
28,5,-83.23229795,0.098125786,0.670796164,0.650062396,572.2539886,0.076847681,122.4180601,0.858531928,-5.599179115,-8.613294893,1.21550625,,,,,,,,
28,6,-80.61374934,0.098666415,0.666619174,0.64593724,566.5314487,0.076079204,123.0301504,0.860678258,-5.599179115,-8.668302072,1.276281563,,,,,,,,
28,7,-78.21795442,0.099209747,0.662452626,0.641822397,560.8661342,0.075318412,123.6453011,0.862829954,-5.599179115,-8.723876173,1.340095641,,,,,,,,
28,8,-76.05358274,0.099755796,0.658296494,0.637717841,555.2574729,0.074565228,124.2635276,0.864987029,-5.599179115,-8.780025831,1.407100423,,,,,,,,
28,9,-74.12978043,0.100304575,0.654150753,0.633623546,549.7048982,0.073819576,124.8848453,0.867149496,-5.599179115,-8.836759853,1.477455444,,,,,,,,
28,10,-72.45619392,0.100856097,0.650015376,0.629539487,544.2078492,0.07308138,125.5092695,0.86931737,-5.599179115,-8.89408723,1.551328216,,,,,,,,
28,11,-71.04299485,0.101410378,0.645890338,0.625465639,538.7657707,0.072350566,126.1368158,0.871490663,-5.599179115,-8.952017136,1.628894627,,,,,,,,
28,12,-69.90090621,0.10196743,0.641775612,0.621401975,533.378113,0.07162706,126.7674999,0.87366939,-5.599179115,-9.010558937,1.710339358,,,,,,,,
28,13,-69.04122991,0.102527267,0.637671173,0.61734847,528.0443318,0.07091079,127.4013374,0.875853563,-5.599179115,-9.069722192,1.795856326,,,,,,,,
28,14,-68.47587553,0.103089903,0.633576995,0.613305098,522.7638885,0.070201682,128.0383441,0.878043197,-5.599179115,-9.129516662,1.885649142,,,,,,,,
28,15,-68.21739076,0.103655353,0.629493052,0.609271836,517.5362496,0.069499665,128.6785358,0.880238305,-5.599179115,-9.189952312,1.979931599,,,,,,,,
28,16,-68.27899313,0.10422363,0.62541932,0.605248656,512.3608871,0.068804668,129.3219285,0.882438901,-5.599179115,-9.251039319,2.078928179,,,,,,,,
28,17,-68.67460353,0.104794748,0.621355772,0.601235534,507.2372783,0.068116622,129.9685382,0.884644998,-5.599179115,-9.312788074,2.182874588,,,,,,,,
28,18,-69.41888129,0.105368721,0.617302382,0.597232446,502.1649055,0.067435455,130.6183808,0.886856611,-5.599179115,-9.375209194,2.292018318,,,,,,,,
28,19,-70.5272611,0.105945565,0.613259126,0.593239364,497.1432564,0.066761101,131.2714727,0.889073752,-5.599179115,-9.438313521,2.406619234,,,,,,,,
28,20,-72.01599171,0.106525293,0.609225978,0.589256266,492.1718239,0.06609349,131.9278301,0.891296437,-5.599179115,-9.502112132,2.526950195,,,,,,,,
29,1,6500.231204,0.054198067,0.5,0.001,551.2002735,0.08,120,0.85,-5.394437788,-431.5550231,1,,,,,,,,
29,2,689.0019131,0.045005386,0.50625,0.0060025,556.7122762,0.092,117,0.84575,-5.394437788,-431.5550231,0.95,,,,,,,,
29,3,173.3431616,0.037329497,0.512515625,0.011017506,562.279399,0.1043,114.075,0.84152125,-5.394437788,-431.5550231,0.9025,,,,,,,,
29,4,-13.25653359,0.03092013,0.518796914,0.01604505,567.9021929,0.1169075,111.223125,0.837313644,-5.394437788,-336.2057322,0.857375,,,,,,,,
29,5,-107.2467058,0.025568308,0.525093906,0.021085163,573.5812149,0.129830188,108.4425469,0.833127076,-5.394437788,-255.8404638,0.81450625,,,,,,,,
30,1,250.0403238,0.026386234,0.615871009,0.027189377,539.4281215,0.08,120,0.85,1.936414813,71.21953549,1,,,,,,,,
31,1,82.07774915,0.009894767,0.687928308,0.151818661,540.2153847,0.08,120,0.85,2.156897676,14.20706559,1,,,,,,,,
31,2,71.25804215,0.00801213,0.694648129,0.157198208,545.6175385,0.092,117,0.84575,2.156897676,13.72087957,0.95,,,,,,,,
31,3,60.63369423,0.006440129,0.701384749,0.162591203,551.0737139,0.1043,114.075,0.84152125,2.156897676,13.26577104,0.9025,,,,,,,,
31,4,50.1235054,0.005127507,0.708138211,0.167997681,556.5844511,0.1169075,111.223125,0.837313644,2.156897676,12.83885385,0.857375,,,,,,,,
31,5,39.66283974,0.004031469,0.714908556,0.173417675,562.1502956,0.129830188,108.4425469,0.833127076,2.156897676,12.43758844,0.81450625,,,,,,,,
32,1,155.9867137,0.009008476,0.998762759,0.754716981,560.0390838,0.08,120,0.85,1.717937777,2.276267555,1,,,,,,,,
32,2,147.2953222,0.007272077,1,0.761603774,565.6394746,0.092,117,0.84575,1.717937777,2.255684434,0.95,,,,,,,,
32,3,138.6507502,0.005822185,1,0.768507783,571.2958694,0.1043,114.075,0.84152125,1.717937777,2.235420142,0.9025,,,,,,,,
32,4,130.1239662,0.004611524,1,0.775429052,577.0088281,0.1169075,111.223125,0.837313644,1.717937777,2.215467388,0.857375,,,,,,,,
32,5,121.6332806,0.003600623,1,0.782367625,582.7789164,0.129830188,108.4425469,0.833127076,1.717937777,2.195819104,0.81450625,,,,,,,,
32,6,113.1124169,0.00275652,1,0.789323544,588.6067055,0.143075942,105.7314832,0.82896144,1.717937777,2.176468433,0.773780938,,,,,,,,
32,7,104.5076738,0.002051694,1,0.796296853,594.4927726,0.156652841,103.0881961,0.824816633,1.717937777,2.157408724,0.735091891,,,,,,,,
32,8,95.77559592,0.001463165,1,0.803287595,600.4377003,0.170569162,100.5109912,0.82069255,1.717937777,2.13863352,0.698337296,,,,,,,,
32,9,86.8810628,0.000971742,1,0.810295814,606.4420773,0.184833391,97.99821644,0.816589087,1.717937777,2.120136557,0.663420431,,,,,,,,
32,10,77.79572079,0.000561405,1,0.817321554,612.5064981,0.199454226,95.54826103,0.812506142,1.717937777,2.10191175,0.63024941,,,,,,,,
32,11,68.49669713,0.000218773,1,0.824364858,618.6315631,0.214440581,93.1595545,0.808443611,1.717937777,2.083953193,0.598736939,,,,,,,,
32,12,59.07543309,0,1,0.83142577,624.8178787,0.229801596,90.83056564,0.804401393,1.717937777,2.066255148,0.568800092,,,,,,,,
32,13,49.68049291,0,1,0.838504334,631.0660575,0.245546636,88.5598015,0.800379386,1.717937777,2.048812042,0.540360088,,,,,,,,
32,14,39.95363575,0,1,0.845600595,637.376718,0.261685302,86.34580646,0.796377489,1.717937777,2.031618458,0.513342083,,,,,,,,
32,15,29.89806066,0,1,0.852714596,643.7504852,0.278227434,84.1871613,0.792395602,1.717937777,2.014669134,0.487674979,,,,,,,,
32,16,19.51647297,0,1,0.859846383,650.1879901,0.29518312,82.08248227,0.788433623,1.717937777,1.997958951,0.46329123,,,,,,,,
32,17,8.811101859,0,1,0.866995999,656.68987,0.312562698,80.03042021,0.784491455,1.717937777,1.981482936,0.440126669,,,,,,,,
32,18,-2.21628314,0,1,0.874163489,663.2567687,0.330376765,78.02965971,0.780568998,1.717937777,1.96523625,0.418120335,,,,,,,,
33,1,107.0690684,0,0.85814039,0.702315325,562.6640455,0.08,120,0.85,-5.423730767,-7.722643337,1,,,,,,,,
33,2,103.6121486,0,0.865285741,0.709071114,568.2906859,0.092,117,0.84575,-5.423730767,-7.649064619,0.95,,,,,,,,
33,3,99.72633826,0,0.872448955,0.715843791,573.9735928,0.1043,114.075,0.84152125,-5.423730767,-7.576695967,0.9025,,,,,,,,
33,4,95.42340007,0,0.879630077,0.722633401,579.7133287,0.1169075,111.223125,0.837313644,-5.423730767,-7.505507995,0.857375,,,,,,,,
33,5,90.71425445,0,0.886829152,0.729439984,585.510462,0.129830188,108.4425469,0.833127076,-5.423730767,-7.435472258,0.81450625,,,,,,,,
33,6,85.60901688,0,0.894046225,0.736263584,591.3655666,0.143075942,105.7314832,0.82896144,-5.423730767,-7.366561219,0.773780938,,,,,,,,
33,7,80.11703325,0,0.901281341,0.743104243,597.2792223,0.156652841,103.0881961,0.824816633,-5.423730767,-7.298748213,0.735091891,,,,,,,,
33,8,74.24691328,0,0.908534544,0.749962004,603.2520145,0.170569162,100.5109912,0.82069255,-5.423730767,-7.232007407,0.698337296,,,,,,,,
33,9,68.00656218,0,0.915805881,0.756836909,609.2845347,0.184833391,97.99821644,0.816589087,-5.423730767,-7.166313777,0.663420431,,,,,,,,
33,10,61.40321047,0,0.923095395,0.763729001,615.37738,0.199454226,95.54826103,0.812506142,-5.423730767,-7.101643068,0.63024941,,,,,,,,
33,11,54.44344225,0,0.930403134,0.770638324,621.5311538,0.214440581,93.1595545,0.808443611,-5.423730767,-7.037971771,0.598736939,,,,,,,,
33,12,47.13322182,0,0.937729142,0.777564919,627.7464653,0.229801596,90.83056564,0.804401393,-5.423730767,-6.975277088,0.568800092,,,,,,,,
33,13,39.47791887,0,0.945073465,0.784508832,634.02393,0.245546636,88.5598015,0.800379386,-5.423730767,-6.913536913,0.540360088,,,,,,,,
33,14,31.48233217,0,0.952436148,0.791470104,640.3641693,0.261685302,86.34580646,0.796377489,-5.423730767,-6.852729801,0.513342083,,,,,,,,
33,15,23.15071196,0,0.959817239,0.798448779,646.767811,0.278227434,84.1871613,0.792395602,-5.423730767,-6.792834943,0.487674979,,,,,,,,
33,16,14.486781,0,0.967216782,0.805444901,653.2354891,0.29518312,82.08248227,0.788433623,-5.423730767,-6.733832147,0.46329123,,,,,,,,
33,17,5.493754487,0,0.974634824,0.812458513,659.767844,0.312562698,80.03042021,0.784491455,-5.423730767,-6.675701809,0.440126669,,,,,,,,
33,18,-3.825641373,0,0.982071411,0.81948966,666.3655224,0.330376765,78.02965971,0.780568998,-5.423730767,-6.618424899,0.418120335,,,,,,,,
34,1,53.21591678,0.01878183,0.866419823,0.712332669,562.6909068,0.08,120,0.85,-5.208063729,-7.31128019,1,,,,,,,,
34,2,20.06493601,0.015432828,0.873585873,0.7191135,568.3178158,0.092,117,0.84575,-5.208063729,-7.242338972,0.95,,,,,,,,
34,3,-8.366747427,0.012636411,0.880769838,0.725911284,574.000994,0.1043,114.075,0.84152125,-5.208063729,-7.174518213,0.9025,,,,,,,,
35,1,71.04274944,0,0.843189724,0.492373562,559.334152,0.08,120,0.85,-1.318066613,-2.676964637,1,,,,,,,,
35,2,66.45177026,0,0.850297699,0.498604496,564.9274935,0.092,117,0.84575,-1.318066613,-2.643511288,0.95,,,,,,,,
35,3,61.50250488,0,0.857423443,0.504851007,570.5767684,0.1043,114.075,0.84152125,-1.318066613,-2.610803177,0.9025,,,,,,,,
35,4,56.20383252,0,0.864567002,0.511113134,576.2825361,0.1169075,111.223125,0.837313644,-1.318066613,-2.578815773,0.857375,,,,,,,,
35,5,50.56394261,0,0.871728419,0.517390917,582.0453615,0.129830188,108.4425469,0.833127076,-1.318066613,-2.547525611,0.81450625,,,,,,,,
35,6,44.59036493,0,0.87890774,0.523684394,587.8658151,0.143075942,105.7314832,0.82896144,-1.318066613,-2.516910235,0.773780938,,,,,,,,
35,7,38.28999804,0,0.886105009,0.529993605,593.7444732,0.156652841,103.0881961,0.824816633,-1.318066613,-2.486948142,0.735091891,,,,,,,,
35,8,31.66913624,0,0.893320272,0.536318589,599.681918,0.170569162,100.5109912,0.82069255,-1.318066613,-2.457618733,0.698337296,,,,,,,,
35,9,24.73349493,0,0.900553573,0.542659386,605.6787371,0.184833391,97.99821644,0.816589087,-1.318066613,-2.428902267,0.663420431,,,,,,,,
35,10,17.48823468,0,0.907804957,0.549016034,611.7355245,0.199454226,95.54826103,0.812506142,-1.318066613,-2.400779813,0.63024941,,,,,,,,
35,11,9.937983794,0,0.915074469,0.555388574,617.8528798,0.214440581,93.1595545,0.808443611,-1.318066613,-2.373233216,0.598736939,,,,,,,,
35,12,2.086859744,0,0.922362155,0.561777046,624.0314086,0.229801596,90.83056564,0.804401393,-1.318066613,-2.346245049,0.568800092,,,,,,,,
36,1,113910.7082,0.045374898,0.378850958,0.001,490.1310217,0.08,120,0.85,2.627229261,210.1783409,1,,,,,,,,
36,2,15500.71112,0.03763804,0.384798085,0.0060025,495.0323319,0.092,117,0.84575,2.627229261,210.1783409,0.95,,,,,,,,
36,3,6852.066616,0.031177763,0.39076008,0.011017506,499.9826552,0.1043,114.075,0.84152125,2.627229261,210.1783409,0.9025,,,,,,,,
36,4,3782.311442,0.025783432,0.39673698,0.01604505,504.9824818,0.1169075,111.223125,0.837313644,2.627229261,163.740796,0.857375,,,,,,,,
36,5,2283.657974,0.021279166,0.402728823,0.021085163,510.0323066,0.129830188,108.4425469,0.833127076,2.627229261,124.6008535,0.81450625,,,,,,,,
36,6,1434.274173,0.017518104,0.408735645,0.026137876,515.1326297,0.143075942,105.7314832,0.82896144,2.627229261,100.5142616,0.773780938,,,,,,,,
36,7,909.2386108,0.014377617,0.414757484,0.03120322,520.283956,0.156652841,103.0881961,0.824816633,2.627229261,84.19737583,0.735091891,,,,,,,,
36,8,565.7082073,0.01175531,0.420794378,0.036281228,525.4867955,0.170569162,100.5109912,0.82069255,2.627229261,72.41290842,0.698337296,,,,,,,,
36,9,331.6625689,0.009565684,0.426846364,0.041371931,530.7416635,0.184833391,97.99821644,0.816589087,2.627229261,63.50269797,0.663420431,,,,,,,,
36,10,167.2404306,0.007737346,0.43291348,0.046475361,536.0490801,0.199454226,95.54826103,0.812506142,2.627229261,56.52950712,0.63024941,,,,,,,,
36,11,48.84559945,0.006210684,0.438995763,0.05159155,541.4095709,0.214440581,93.1595545,0.808443611,2.627229261,50.92363541,0.598736939,,,,,,,,
37,1,453.7206674,0.059361044,0.162655971,0.014705882,535.3322609,0.08,120,0.85,-12.25587606,-833.3995721,1,,,,,,,,
37,2,201.3919677,0.049316471,0.168062611,0.019742647,540.6855835,0.092,117,0.84575,-12.25587606,-620.7818042,0.95,,,,,,,,
37,3,59.9522791,0.040929254,0.173482768,0.024792004,546.0924393,0.1043,114.075,0.84152125,-12.25587606,-494.3479446,0.9025,,,,,,,,
37,4,-28.28236492,0.033925927,0.178916475,0.029853984,551.5533637,0.1169075,111.223125,0.837313644,-12.25587606,-410.5273249,0.857375,,,,,,,,
37,5,-87.49085963,0.028078149,0.184363766,0.034928619,557.0688973,0.129830188,108.4425469,0.833127076,-12.25587606,-350.8835029,0.81450625,,,,,,,,
37,6,-129.4960144,0.023195254,0.189824675,0.04001594,562.6395863,0.143075942,105.7314832,0.82896144,-12.25587606,-306.2748495,0.773780938,,,,,,,,
37,7,-160.7049955,0.019118037,0.195299237,0.04511598,568.2659822,0.156652841,103.0881961,0.824816633,-12.25587606,-271.6526616,0.735091891,,,,,,,,
37,8,-184.8539999,0.015713561,0.200787485,0.05022877,573.948642,0.170569162,100.5109912,0.82069255,-12.25587606,-244.0011185,0.698337296,,,,,,,,
38,1,247.6439387,0.053207539,0.244755245,0.221678322,588.8757417,0.08,120,0.85,8.886975239,40.08950976,1,,,,,,,,
38,2,208.743613,0.044178295,0.250367133,0.227232517,594.7644992,0.092,117,0.84575,8.886975239,39.10961045,0.95,,,,,,,,
38,3,175.2437596,0.036638876,0.255993051,0.232800599,600.7121441,0.1043,114.075,0.84152125,8.886975239,38.17419408,0.9025,,,,,,,,
38,4,146.0622584,0.030343462,0.261633033,0.2383826,606.7192656,0.1169075,111.223125,0.837313644,8.886975239,37.28030162,0.857375,,,,,,,,
38,5,120.3283102,0.025086791,0.267287116,0.243978557,612.7864582,0.129830188,108.4425469,0.833127076,8.886975239,36.42523079,0.81450625,,,,,,,,
38,6,97.34040182,0.02069747,0.272955334,0.249588503,618.9143228,0.143075942,105.7314832,0.82896144,8.886975239,35.60650882,0.773780938,,,,,,,,
38,7,76.53277648,0.017032388,0.278637722,0.255212474,625.1034661,0.156652841,103.0881961,0.824816633,8.886975239,34.82186856,0.735091891,,,,,,,,
38,8,57.44865352,0.013972044,0.284334316,0.260850506,631.3545007,0.170569162,100.5109912,0.82069255,8.886975239,34.06922758,0.698337296,,,,,,,,
38,9,39.71881216,0.011416656,0.290045152,0.266502632,637.6680457,0.184833391,97.99821644,0.816589087,8.886975239,33.3466697,0.663420431,,,,,,,,
39,1,347.6819653,0,0.684742647,0.366727941,535.9182397,0.08,120,0.85,2.651755545,7.230852212,1,,,,,,,,
39,2,347.1020724,0,0.691454504,0.372644761,541.2774221,0.092,117,0.84575,2.651755545,7.116041394,0.95,,,,,,,,
39,3,345.8269692,0,0.69818314,0.378576373,546.6901963,0.1043,114.075,0.84152125,2.651755545,7.004545804,0.9025,,,,,,,,
39,4,343.879081,0,0.704928598,0.384522814,552.1570983,0.1169075,111.223125,0.837313644,2.651755545,6.896224226,0.857375,,,,,,,,
39,5,341.2793712,0,0.711690919,0.390484121,557.6786693,0.129830188,108.4425469,0.833127076,2.651755545,6.790943351,0.81450625,,,,,,,,
39,6,338.0474084,0,0.718470147,0.396460331,563.2554559,0.143075942,105.7314832,0.82896144,2.651755545,6.688577232,0.773780938,,,,,,,,
39,7,334.2014291,0,0.725266322,0.402451482,568.8880105,0.156652841,103.0881961,0.824816633,2.651755545,6.589006782,0.735091891,,,,,,,,
39,8,329.7583977,0,0.732079488,0.408457611,574.5768906,0.170569162,100.5109912,0.82069255,2.651755545,6.492119316,0.698337296,,,,,,,,
39,9,324.7340627,0,0.738909686,0.414478755,580.3226595,0.184833391,97.99821644,0.816589087,2.651755545,6.397808124,0.663420431,,,,,,,,
39,10,319.1430106,0,0.745756961,0.420514952,586.1258861,0.199454226,95.54826103,0.812506142,2.651755545,6.305972081,0.63024941,,,,,,,,
39,11,312.9987162,0,0.752621353,0.426566239,591.987145,0.214440581,93.1595545,0.808443611,2.651755545,6.216515284,0.598736939,,,,,,,,
39,12,306.3135904,0,0.759502906,0.432632655,597.9070164,0.229801596,90.83056564,0.804401393,2.651755545,6.129346725,0.568800092,,,,,,,,
39,13,299.0990258,0,0.766401664,0.438714236,603.8860866,0.245546636,88.5598015,0.800379386,2.651755545,6.044379975,0.540360088,,,,,,,,
39,14,291.3654391,0,0.773317668,0.444811022,609.9249475,0.261685302,86.34580646,0.796377489,2.651755545,5.961532908,0.513342083,,,,,,,,
39,15,283.1223118,0,0.780250962,0.450923049,616.0241969,0.278227434,84.1871613,0.792395602,2.651755545,5.880727428,0.487674979,,,,,,,,
39,16,274.3782279,0,0.787201589,0.457050357,622.1844389,0.29518312,82.08248227,0.788433623,2.651755545,5.801889231,0.46329123,,,,,,,,
39,17,265.1409104,0,0.794169593,0.463192983,628.4062833,0.312562698,80.03042021,0.784491455,2.651755545,5.724947576,0.440126669,,,,,,,,
39,18,255.4172547,0,0.801155017,0.469350965,634.6903461,0.330376765,78.02965971,0.780568998,2.651755545,5.649835071,0.418120335,,,,,,,,
39,19,245.2133609,0,0.808157905,0.475524343,641.0372496,0.348636184,76.07891821,0.776666153,2.651755545,5.576487481,0.397214318,,,,,,,,
39,20,234.534564,0,0.8151783,0.481713154,647.4476221,0.367352089,74.17694526,0.772782822,2.651755545,5.504843545,0.377353603,,,,,,,,
40,1,-161.9829376,0.053377757,0.509803922,0.506372549,608.5606861,0.08,120,0.85,5.185466249,10.24041737,1,,,,,,,,
40,2,-156.5320773,0.053694646,0.506029412,0.502606618,602.4750792,0.0792,120.6,0.852125,5.185466249,10.31714678,1.05,,,,,,,,
40,3,-151.1243011,0.054013119,0.502264338,0.498850101,596.4503285,0.078408,121.203,0.854255313,5.185466249,10.39483852,1.1025,,,,,,,,
40,4,-145.7599805,0.054333185,0.498508677,0.495102976,590.4858252,0.07762392,121.809015,0.856390951,5.185466249,10.47351057,1.157625,,,,,,,,
40,5,-140.4395468,0.054654851,0.494762406,0.491365218,584.5809669,0.076847681,122.4180601,0.858531928,5.185466249,10.55318133,1.21550625,,,,,,,,
40,6,-135.1634941,0.054978125,0.4910255,0.487636805,578.7351572,0.076079204,123.0301504,0.860678258,5.185466249,10.6338697,1.276281563,,,,,,,,
40,7,-129.9323831,0.055303016,0.487297936,0.483917713,572.9478057,0.075318412,123.6453011,0.862829954,5.185466249,10.71559504,1.340095641,,,,,,,,
40,8,-124.7468437,0.055629531,0.483579691,0.480207919,567.2183276,0.074565228,124.2635276,0.864987029,5.185466249,10.79837721,1.407100423,,,,,,,,
40,9,-119.6075793,0.055957678,0.479870742,0.476507399,561.5461443,0.073819576,124.8848453,0.867149496,5.185466249,10.88223658,1.477455444,,,,,,,,
40,10,-114.5153697,0.056287467,0.476171065,0.472816131,555.9306829,0.07308138,125.5092695,0.86931737,5.185466249,10.96719403,1.551328216,,,,,,,,
40,11,-109.4710759,0.056618904,0.472480637,0.46913409,550.3713761,0.072350566,126.1368158,0.871490663,5.185466249,11.05327103,1.628894627,,,,,,,,
40,12,-104.4756433,0.056951999,0.468799436,0.465461255,544.8676623,0.07162706,126.7674999,0.87366939,5.185466249,11.14048955,1.710339358,,,,,,,,
40,13,-99.53010706,0.057286759,0.465127437,0.461797602,539.4189857,0.07091079,127.4013374,0.875853563,5.185466249,11.22887218,1.795856326,,,,,,,,
40,14,-94.63559574,0.057623192,0.461464619,0.458143108,534.0247958,0.070201682,128.0383441,0.878043197,5.185466249,11.31844211,1.885649142,,,,,,,,
40,15,-89.7933367,0.057961308,0.457810957,0.45449775,528.6845479,0.069499665,128.6785358,0.880238305,5.185466249,11.40922314,1.979931599,,,,,,,,
40,16,-85.00466092,0.058301115,0.45416643,0.450861506,523.3977024,0.068804668,129.3219285,0.882438901,5.185466249,11.50123969,2.078928179,,,,,,,,
40,17,-80.27100841,0.058642621,0.450531014,0.447234352,518.1637254,0.068116622,129.9685382,0.884644998,5.185466249,11.59451689,2.182874588,,,,,,,,
40,18,-75.59393373,0.058985834,0.446904686,0.443616266,512.9820881,0.067435455,130.6183808,0.886856611,5.185466249,11.6890805,2.292018318,,,,,,,,
40,19,-70.97511194,0.059330763,0.443287424,0.440007226,507.8522672,0.066761101,131.2714727,0.889073752,5.185466249,11.78495703,2.406619234,,,,,,,,
40,20,-66.41634477,0.059677417,0.439679206,0.436407208,502.7737446,0.06609349,131.9278301,0.891296437,5.185466249,11.88217371,2.526950195,,,,,,,,
41,1,-49.6348546,0.106875331,0.625411455,0.515470704,460.3767579,0.08,120,0.85,-2.634814368,-5.111472574,1,,,,,,,,
41,2,-46.97353439,0.107459707,0.621347926,0.511682028,455.7729903,0.0792,120.6,0.852125,-2.634814368,-5.149319746,1.05,,,,,,,,
41,3,-44.45507678,0.108047006,0.617294556,0.507902823,451.2152604,0.078408,121.203,0.854255313,-2.634814368,-5.187634822,1.1025,,,,,,,,
41,4,-42.08483768,0.108637241,0.61325132,0.504133066,446.7031078,0.07762392,121.809015,0.856390951,-2.634814368,-5.226426411,1.157625,,,,,,,,
41,5,-39.86847613,0.109230427,0.609218192,0.500372733,442.2360767,0.076847681,122.4180601,0.858531928,-2.634814368,-5.265703336,1.21550625,,,,,,,,
41,6,-37.81196942,0.109826579,0.605195146,0.496621801,437.813716,0.076079204,123.0301504,0.860678258,-2.634814368,-5.305474635,1.276281563,,,,,,,,
41,7,-35.92162897,0.110425712,0.601182158,0.492880247,433.4355788,0.075318412,123.6453011,0.862829954,-2.634814368,-5.345749575,1.340095641,,,,,,,,
41,8,-34.20411705,0.111027841,0.597179203,0.489148046,429.101223,0.074565228,124.2635276,0.864987029,-2.634814368,-5.386537656,1.407100423,,,,,,,,
41,9,-32.66646431,0.11163298,0.593186255,0.485425176,424.8102108,0.073819576,124.8848453,0.867149496,-2.634814368,-5.427848616,1.477455444,,,,,,,,
41,10,-31.31608816,0.112241145,0.589203289,0.481711613,420.5621087,0.07308138,125.5092695,0.86931737,-2.634814368,-5.469692443,1.551328216,,,,,,,,
41,11,-30.16081218,0.11285235,0.585230281,0.478007334,416.3564876,0.072350566,126.1368158,0.871490663,-2.634814368,-5.51207938,1.628894627,,,,,,,,
41,12,-29.2088864,0.113466612,0.581267205,0.474312315,412.1929227,0.07162706,126.7674999,0.87366939,-2.634814368,-5.555019936,1.710339358,,,,,,,,
41,13,-28.46900867,0.114083945,0.577314037,0.470626535,408.0709935,0.07091079,127.4013374,0.875853563,-2.634814368,-5.59852489,1.795856326,,,,,,,,
41,14,-27.95034704,0.114704365,0.573370752,0.466949968,403.9902835,0.070201682,128.0383441,0.878043197,-2.634814368,-5.642605305,1.885649142,,,,,,,,
41,15,-27.66256337,0.115327887,0.569437325,0.463282593,399.9503807,0.069499665,128.6785358,0.880238305,-2.634814368,-5.687272532,1.979931599,,,,,,,,
41,16,-27.61583802,0.115954526,0.565513732,0.459624387,395.9508769,0.068804668,129.3219285,0.882438901,-2.634814368,-5.732538227,2.078928179,,,,,,,,
41,17,-27.82089584,0.116584299,0.561599948,0.455975326,391.9913681,0.068116622,129.9685382,0.884644998,-2.634814368,-5.778414353,2.182874588,,,,,,,,
41,18,-28.28903344,0.11721722,0.557695948,0.452335388,388.0714545,0.067435455,130.6183808,0.886856611,-2.634814368,-5.824913195,2.292018318,,,,,,,,
41,19,-29.03214788,0.117853306,0.553801708,0.448704549,384.1907399,0.066761101,131.2714727,0.889073752,-2.634814368,-5.872047371,2.406619234,,,,,,,,
41,20,-30.06276674,0.118492573,0.549917204,0.445082788,380.3488325,0.06609349,131.9278301,0.891296437,-2.634814368,-5.919829839,2.526950195,,,,,,,,
42,1,96.57887883,0.075654899,0.957894737,0.934210526,574.9024451,0.08,120,0.85,-0.915096631,-0.979540055,1,,,,,,,,
42,2,71.7768771,0.06292184,0.965289474,0.941546053,580.6514695,0.092,117,0.84575,-0.915096631,-0.97190852,0.95,,,,,,,,
42,3,50.13104561,0.052289737,0.972702697,0.948899918,586.4579842,0.1043,114.075,0.84152125,-0.915096631,-0.964376341,0.9025,,,,,,,,
42,4,31.02929575,0.04341193,0.980134454,0.956272168,592.3225641,0.1169075,111.223125,0.837313644,-0.915096631,-0.956941613,0.857375,,,,,,,,
42,5,13.96812141,0.035998962,0.98758479,0.963662848,598.2457897,0.129830188,108.4425469,0.833127076,-0.915096631,-0.94960248,0.81450625,,,,,,,,
42,6,-1.466631965,0.029809133,0.995053752,0.971072005,604.2282476,0.143075942,105.7314832,0.82896144,-0.915096631,-0.942357133,0.773780938,,,,,,,,
